<?xml version="1.0" encoding="UTF-8"?>
<kml xmlns="http://www.opengis.net/kml/2.2" xmlns:gx="http://www.google.com/kml/ext/2.2" xmlns:kml="http://www.opengis.net/kml/2.2" xmlns:atom="http://www.w3.org/2005/Atom">
<Folder>
	<name>PONTOS DE SÍTIOS</name>
	<Document>
		<name>sitios.kml</name>
		<Style id="inline03">
			<LineStyle>
				<color>ff0000ff</color>
				<width>2</width>
			</LineStyle>
		</Style>
		<Style id="inline102">
			<LineStyle>
				<color>ff0000ff</color>
				<width>2</width>
			</LineStyle>
		</Style>
		<StyleMap id="inline11000">
			<Pair>
				<key>normal</key>
				<styleUrl>#inline520</styleUrl>
			</Pair>
			<Pair>
				<key>highlight</key>
				<styleUrl>#inline21000</styleUrl>
			</Pair>
		</StyleMap>
		<Style id="inline21000">
			<LineStyle>
				<color>ff0000ff</color>
				<width>2</width>
			</LineStyle>
		</Style>
		<StyleMap id="inline3200">
			<Pair>
				<key>normal</key>
				<styleUrl>#inline03</styleUrl>
			</Pair>
			<Pair>
				<key>highlight</key>
				<styleUrl>#inline102</styleUrl>
			</Pair>
		</StyleMap>
		<Style id="inline4100">
			<LineStyle>
				<color>ff0000ff</color>
				<width>2</width>
			</LineStyle>
		</Style>
		<StyleMap id="inline510">
			<Pair>
				<key>normal</key>
				<styleUrl>#inline9000</styleUrl>
			</Pair>
			<Pair>
				<key>highlight</key>
				<styleUrl>#inline61100</styleUrl>
			</Pair>
		</StyleMap>
		<Style id="inline520">
			<LineStyle>
				<color>ff0000ff</color>
				<width>2</width>
			</LineStyle>
		</Style>
		<Style id="inline61100">
			<LineStyle>
				<color>ff0000ff</color>
				<width>2</width>
			</LineStyle>
		</Style>
		<Style id="inline710">
			<LineStyle>
				<color>ff0000ff</color>
				<width>2</width>
			</LineStyle>
		</Style>
		<StyleMap id="inline820">
			<Pair>
				<key>normal</key>
				<styleUrl>#inline4100</styleUrl>
			</Pair>
			<Pair>
				<key>highlight</key>
				<styleUrl>#inline710</styleUrl>
			</Pair>
		</StyleMap>
		<Style id="inline9000">
			<LineStyle>
				<color>ff0000ff</color>
				<width>2</width>
			</LineStyle>
		</Style>
		<StyleMap id="m_ylw-pushpin000000">
			<Pair>
				<key>normal</key>
				<styleUrl>#s_ylw-pushpin1013</styleUrl>
			</Pair>
			<Pair>
				<key>highlight</key>
				<styleUrl>#s_ylw-pushpin_hl003</styleUrl>
			</Pair>
		</StyleMap>
		<StyleMap id="m_ylw-pushpin0011">
			<Pair>
				<key>normal</key>
				<styleUrl>#s_ylw-pushpin001</styleUrl>
			</Pair>
			<Pair>
				<key>highlight</key>
				<styleUrl>#s_ylw-pushpin_hl102</styleUrl>
			</Pair>
		</StyleMap>
		<StyleMap id="m_ylw-pushpin0030">
			<Pair>
				<key>normal</key>
				<styleUrl>#s_ylw-pushpin22</styleUrl>
			</Pair>
			<Pair>
				<key>highlight</key>
				<styleUrl>#s_ylw-pushpin_hl040</styleUrl>
			</Pair>
		</StyleMap>
		<StyleMap id="m_ylw-pushpin030">
			<Pair>
				<key>normal</key>
				<styleUrl>#s_ylw-pushpin112</styleUrl>
			</Pair>
			<Pair>
				<key>highlight</key>
				<styleUrl>#s_ylw-pushpin_hl30000</styleUrl>
			</Pair>
		</StyleMap>
		<StyleMap id="m_ylw-pushpin1010">
			<Pair>
				<key>normal</key>
				<styleUrl>#s_ylw-pushpin011</styleUrl>
			</Pair>
			<Pair>
				<key>highlight</key>
				<styleUrl>#s_ylw-pushpin_hl0100</styleUrl>
			</Pair>
		</StyleMap>
		<StyleMap id="m_ylw-pushpin114">
			<Pair>
				<key>normal</key>
				<styleUrl>#s_ylw-pushpin00000</styleUrl>
			</Pair>
			<Pair>
				<key>highlight</key>
				<styleUrl>#s_ylw-pushpin_hl12000</styleUrl>
			</Pair>
		</StyleMap>
		<StyleMap id="m_ylw-pushpin231">
			<Pair>
				<key>normal</key>
				<styleUrl>#s_ylw-pushpin1010</styleUrl>
			</Pair>
			<Pair>
				<key>highlight</key>
				<styleUrl>#s_ylw-pushpin_hl111</styleUrl>
			</Pair>
		</StyleMap>
		<StyleMap id="m_ylw-pushpin61">
			<Pair>
				<key>normal</key>
				<styleUrl>#s_ylw-pushpin0400</styleUrl>
			</Pair>
			<Pair>
				<key>highlight</key>
				<styleUrl>#s_ylw-pushpin_hl2110</styleUrl>
			</Pair>
		</StyleMap>
		<StyleMap id="msn_grn-blank">
			<Pair>
				<key>normal</key>
				<styleUrl>#sn_grn-blank</styleUrl>
			</Pair>
			<Pair>
				<key>highlight</key>
				<styleUrl>#sh_grn-blank1</styleUrl>
			</Pair>
		</StyleMap>
		<StyleMap id="msn_grn-blank0">
			<Pair>
				<key>normal</key>
				<styleUrl>#sn_grn-blank1</styleUrl>
			</Pair>
			<Pair>
				<key>highlight</key>
				<styleUrl>#sh_grn-blank</styleUrl>
			</Pair>
		</StyleMap>
		<StyleMap id="msn_grn-blank1">
			<Pair>
				<key>normal</key>
				<styleUrl>#sn_grn-blank0</styleUrl>
			</Pair>
			<Pair>
				<key>highlight</key>
				<styleUrl>#sh_grn-blank0</styleUrl>
			</Pair>
		</StyleMap>
		<StyleMap id="msn_red-circle">
			<Pair>
				<key>normal</key>
				<styleUrl>#sn_red-circle</styleUrl>
			</Pair>
			<Pair>
				<key>highlight</key>
				<styleUrl>#sh_red-circle</styleUrl>
			</Pair>
		</StyleMap>
		<StyleMap id="msn_red-diamond">
			<Pair>
				<key>normal</key>
				<styleUrl>#sn_red-diamond</styleUrl>
			</Pair>
			<Pair>
				<key>highlight</key>
				<styleUrl>#sh_red-diamond</styleUrl>
			</Pair>
		</StyleMap>
		<StyleMap id="msn_ylw-pushpin400">
			<Pair>
				<key>normal</key>
				<styleUrl>#sn_ylw-pushpin600</styleUrl>
			</Pair>
			<Pair>
				<key>highlight</key>
				<styleUrl>#sh_ylw-pushpin62</styleUrl>
			</Pair>
		</StyleMap>
		<Style id="s_ylw-pushpin00000">
			<IconStyle>
				<scale>1.1</scale>
				<Icon>
					<href>http://maps.google.com/mapfiles/kml/paddle/pink-blank.png</href>
				</Icon>
				<hotSpot x="32" y="1" xunits="pixels" yunits="pixels"/>
			</IconStyle>
			<ListStyle>
				<ItemIcon>
					<href>http://maps.google.com/mapfiles/kml/paddle/pink-blank-lv.png</href>
				</ItemIcon>
			</ListStyle>
		</Style>
		<Style id="s_ylw-pushpin001">
			<IconStyle>
				<scale>1.1</scale>
				<Icon>
					<href>http://maps.google.com/mapfiles/kml/paddle/pink-blank.png</href>
				</Icon>
				<hotSpot x="32" y="1" xunits="pixels" yunits="pixels"/>
			</IconStyle>
			<ListStyle>
				<ItemIcon>
					<href>http://maps.google.com/mapfiles/kml/paddle/pink-blank-lv.png</href>
				</ItemIcon>
			</ListStyle>
		</Style>
		<Style id="s_ylw-pushpin011">
			<IconStyle>
				<scale>1.1</scale>
				<Icon>
					<href>http://maps.google.com/mapfiles/kml/paddle/pink-blank.png</href>
				</Icon>
				<hotSpot x="32" y="1" xunits="pixels" yunits="pixels"/>
			</IconStyle>
			<ListStyle>
				<ItemIcon>
					<href>http://maps.google.com/mapfiles/kml/paddle/pink-blank-lv.png</href>
				</ItemIcon>
			</ListStyle>
		</Style>
		<Style id="s_ylw-pushpin0400">
			<IconStyle>
				<scale>1.1</scale>
				<Icon>
					<href>http://maps.google.com/mapfiles/kml/paddle/blu-blank.png</href>
				</Icon>
				<hotSpot x="32" y="1" xunits="pixels" yunits="pixels"/>
			</IconStyle>
			<ListStyle>
				<ItemIcon>
					<href>http://maps.google.com/mapfiles/kml/paddle/blu-blank-lv.png</href>
				</ItemIcon>
			</ListStyle>
		</Style>
		<Style id="s_ylw-pushpin1010">
			<IconStyle>
				<scale>1.1</scale>
				<Icon>
					<href>http://maps.google.com/mapfiles/kml/paddle/red-diamond.png</href>
				</Icon>
				<hotSpot x="32" y="1" xunits="pixels" yunits="pixels"/>
			</IconStyle>
			<ListStyle>
				<ItemIcon>
					<href>http://maps.google.com/mapfiles/kml/paddle/red-diamond-lv.png</href>
				</ItemIcon>
			</ListStyle>
		</Style>
		<Style id="s_ylw-pushpin1013">
			<IconStyle>
				<color>ff00aaff</color>
				<scale>1.1</scale>
				<Icon>
					<href>http://maps.google.com/mapfiles/kml/paddle/T.png</href>
				</Icon>
				<hotSpot x="32" y="1" xunits="pixels" yunits="pixels"/>
			</IconStyle>
			<LabelStyle>
				<color>ff00aaff</color>
			</LabelStyle>
			<ListStyle>
				<ItemIcon>
					<href>http://maps.google.com/mapfiles/kml/paddle/T-lv.png</href>
				</ItemIcon>
			</ListStyle>
		</Style>
		<Style id="s_ylw-pushpin112">
			<IconStyle>
				<scale>1.1</scale>
				<Icon>
					<href>http://maps.google.com/mapfiles/kml/paddle/pink-blank.png</href>
				</Icon>
				<hotSpot x="32" y="1" xunits="pixels" yunits="pixels"/>
			</IconStyle>
			<ListStyle>
				<ItemIcon>
					<href>http://maps.google.com/mapfiles/kml/paddle/pink-blank-lv.png</href>
				</ItemIcon>
			</ListStyle>
		</Style>
		<Style id="s_ylw-pushpin22">
			<IconStyle>
				<scale>1.1</scale>
				<Icon>
					<href>http://maps.google.com/mapfiles/kml/paddle/pink-blank.png</href>
				</Icon>
				<hotSpot x="32" y="1" xunits="pixels" yunits="pixels"/>
			</IconStyle>
			<ListStyle>
				<ItemIcon>
					<href>http://maps.google.com/mapfiles/kml/paddle/pink-blank-lv.png</href>
				</ItemIcon>
			</ListStyle>
		</Style>
		<Style id="s_ylw-pushpin_hl003">
			<IconStyle>
				<color>ff00aaff</color>
				<scale>1.3</scale>
				<Icon>
					<href>http://maps.google.com/mapfiles/kml/paddle/T.png</href>
				</Icon>
				<hotSpot x="32" y="1" xunits="pixels" yunits="pixels"/>
			</IconStyle>
			<LabelStyle>
				<color>ff00aaff</color>
			</LabelStyle>
			<ListStyle>
				<ItemIcon>
					<href>http://maps.google.com/mapfiles/kml/paddle/T-lv.png</href>
				</ItemIcon>
			</ListStyle>
		</Style>
		<Style id="s_ylw-pushpin_hl0100">
			<IconStyle>
				<scale>1.3</scale>
				<Icon>
					<href>http://maps.google.com/mapfiles/kml/paddle/pink-blank.png</href>
				</Icon>
				<hotSpot x="32" y="1" xunits="pixels" yunits="pixels"/>
			</IconStyle>
			<ListStyle>
				<ItemIcon>
					<href>http://maps.google.com/mapfiles/kml/paddle/pink-blank-lv.png</href>
				</ItemIcon>
			</ListStyle>
		</Style>
		<Style id="s_ylw-pushpin_hl040">
			<IconStyle>
				<scale>1.3</scale>
				<Icon>
					<href>http://maps.google.com/mapfiles/kml/paddle/pink-blank.png</href>
				</Icon>
				<hotSpot x="32" y="1" xunits="pixels" yunits="pixels"/>
			</IconStyle>
			<ListStyle>
				<ItemIcon>
					<href>http://maps.google.com/mapfiles/kml/paddle/pink-blank-lv.png</href>
				</ItemIcon>
			</ListStyle>
		</Style>
		<Style id="s_ylw-pushpin_hl102">
			<IconStyle>
				<scale>1.3</scale>
				<Icon>
					<href>http://maps.google.com/mapfiles/kml/paddle/pink-blank.png</href>
				</Icon>
				<hotSpot x="32" y="1" xunits="pixels" yunits="pixels"/>
			</IconStyle>
			<ListStyle>
				<ItemIcon>
					<href>http://maps.google.com/mapfiles/kml/paddle/pink-blank-lv.png</href>
				</ItemIcon>
			</ListStyle>
		</Style>
		<Style id="s_ylw-pushpin_hl111">
			<IconStyle>
				<scale>1.3</scale>
				<Icon>
					<href>http://maps.google.com/mapfiles/kml/paddle/red-diamond.png</href>
				</Icon>
				<hotSpot x="32" y="1" xunits="pixels" yunits="pixels"/>
			</IconStyle>
			<ListStyle>
				<ItemIcon>
					<href>http://maps.google.com/mapfiles/kml/paddle/red-diamond-lv.png</href>
				</ItemIcon>
			</ListStyle>
		</Style>
		<Style id="s_ylw-pushpin_hl12000">
			<IconStyle>
				<scale>1.3</scale>
				<Icon>
					<href>http://maps.google.com/mapfiles/kml/paddle/pink-blank.png</href>
				</Icon>
				<hotSpot x="32" y="1" xunits="pixels" yunits="pixels"/>
			</IconStyle>
			<ListStyle>
				<ItemIcon>
					<href>http://maps.google.com/mapfiles/kml/paddle/pink-blank-lv.png</href>
				</ItemIcon>
			</ListStyle>
		</Style>
		<Style id="s_ylw-pushpin_hl2110">
			<IconStyle>
				<scale>1.3</scale>
				<Icon>
					<href>http://maps.google.com/mapfiles/kml/paddle/blu-blank.png</href>
				</Icon>
				<hotSpot x="32" y="1" xunits="pixels" yunits="pixels"/>
			</IconStyle>
			<ListStyle>
				<ItemIcon>
					<href>http://maps.google.com/mapfiles/kml/paddle/blu-blank-lv.png</href>
				</ItemIcon>
			</ListStyle>
		</Style>
		<Style id="s_ylw-pushpin_hl30000">
			<IconStyle>
				<scale>1.3</scale>
				<Icon>
					<href>http://maps.google.com/mapfiles/kml/paddle/pink-blank.png</href>
				</Icon>
				<hotSpot x="32" y="1" xunits="pixels" yunits="pixels"/>
			</IconStyle>
			<ListStyle>
				<ItemIcon>
					<href>http://maps.google.com/mapfiles/kml/paddle/pink-blank-lv.png</href>
				</ItemIcon>
			</ListStyle>
		</Style>
		<Style id="sh_grn-blank">
			<IconStyle>
				<scale>1.3</scale>
				<Icon>
					<href>http://maps.google.com/mapfiles/kml/paddle/grn-blank.png</href>
				</Icon>
				<hotSpot x="32" y="1" xunits="pixels" yunits="pixels"/>
			</IconStyle>
			<ListStyle>
				<ItemIcon>
					<href>http://maps.google.com/mapfiles/kml/paddle/grn-blank-lv.png</href>
				</ItemIcon>
			</ListStyle>
		</Style>
		<Style id="sh_grn-blank0">
			<IconStyle>
				<scale>1.3</scale>
				<Icon>
					<href>http://maps.google.com/mapfiles/kml/paddle/grn-blank.png</href>
				</Icon>
				<hotSpot x="32" y="1" xunits="pixels" yunits="pixels"/>
			</IconStyle>
			<ListStyle>
				<ItemIcon>
					<href>http://maps.google.com/mapfiles/kml/paddle/grn-blank-lv.png</href>
				</ItemIcon>
			</ListStyle>
		</Style>
		<Style id="sh_grn-blank1">
			<IconStyle>
				<scale>1.3</scale>
				<Icon>
					<href>http://maps.google.com/mapfiles/kml/paddle/grn-blank.png</href>
				</Icon>
				<hotSpot x="32" y="1" xunits="pixels" yunits="pixels"/>
			</IconStyle>
			<ListStyle>
				<ItemIcon>
					<href>http://maps.google.com/mapfiles/kml/paddle/grn-blank-lv.png</href>
				</ItemIcon>
			</ListStyle>
		</Style>
		<Style id="sh_red-circle">
			<IconStyle>
				<scale>1.3</scale>
				<Icon>
					<href>http://maps.google.com/mapfiles/kml/paddle/red-circle.png</href>
				</Icon>
				<hotSpot x="32" y="1" xunits="pixels" yunits="pixels"/>
			</IconStyle>
			<ListStyle>
				<ItemIcon>
					<href>http://maps.google.com/mapfiles/kml/paddle/red-circle-lv.png</href>
				</ItemIcon>
			</ListStyle>
		</Style>
		<Style id="sh_red-diamond">
			<IconStyle>
				<scale>1.3</scale>
				<Icon>
					<href>http://maps.google.com/mapfiles/kml/paddle/red-diamond.png</href>
				</Icon>
				<hotSpot x="32" y="1" xunits="pixels" yunits="pixels"/>
			</IconStyle>
			<ListStyle>
				<ItemIcon>
					<href>http://maps.google.com/mapfiles/kml/paddle/red-diamond-lv.png</href>
				</ItemIcon>
			</ListStyle>
		</Style>
		<Style id="sh_ylw-pushpin62">
			<IconStyle>
				<scale>1.3</scale>
				<Icon>
					<href>http://maps.google.com/mapfiles/kml/pushpin/ylw-pushpin.png</href>
				</Icon>
				<hotSpot x="20" y="2" xunits="pixels" yunits="pixels"/>
			</IconStyle>
		</Style>
		<Style id="sn_grn-blank">
			<IconStyle>
				<scale>1.1</scale>
				<Icon>
					<href>http://maps.google.com/mapfiles/kml/paddle/grn-blank.png</href>
				</Icon>
				<hotSpot x="32" y="1" xunits="pixels" yunits="pixels"/>
			</IconStyle>
			<ListStyle>
				<ItemIcon>
					<href>http://maps.google.com/mapfiles/kml/paddle/grn-blank-lv.png</href>
				</ItemIcon>
			</ListStyle>
		</Style>
		<Style id="sn_grn-blank0">
			<IconStyle>
				<scale>1.1</scale>
				<Icon>
					<href>http://maps.google.com/mapfiles/kml/paddle/grn-blank.png</href>
				</Icon>
				<hotSpot x="32" y="1" xunits="pixels" yunits="pixels"/>
			</IconStyle>
			<ListStyle>
				<ItemIcon>
					<href>http://maps.google.com/mapfiles/kml/paddle/grn-blank-lv.png</href>
				</ItemIcon>
			</ListStyle>
		</Style>
		<Style id="sn_grn-blank1">
			<IconStyle>
				<scale>1.1</scale>
				<Icon>
					<href>http://maps.google.com/mapfiles/kml/paddle/grn-blank.png</href>
				</Icon>
				<hotSpot x="32" y="1" xunits="pixels" yunits="pixels"/>
			</IconStyle>
			<ListStyle>
				<ItemIcon>
					<href>http://maps.google.com/mapfiles/kml/paddle/grn-blank-lv.png</href>
				</ItemIcon>
			</ListStyle>
		</Style>
		<Style id="sn_noicon0">
			<IconStyle>
				<Icon>
				</Icon>
			</IconStyle>
			<LabelStyle>
				<color>00ffffff</color>
			</LabelStyle>
		</Style>
		<Style id="sn_red-circle">
			<IconStyle>
				<scale>1.1</scale>
				<Icon>
					<href>http://maps.google.com/mapfiles/kml/paddle/red-circle.png</href>
				</Icon>
				<hotSpot x="32" y="1" xunits="pixels" yunits="pixels"/>
			</IconStyle>
			<ListStyle>
				<ItemIcon>
					<href>http://maps.google.com/mapfiles/kml/paddle/red-circle-lv.png</href>
				</ItemIcon>
			</ListStyle>
		</Style>
		<Style id="sn_red-diamond">
			<IconStyle>
				<scale>1.1</scale>
				<Icon>
					<href>http://maps.google.com/mapfiles/kml/paddle/red-diamond.png</href>
				</Icon>
				<hotSpot x="32" y="1" xunits="pixels" yunits="pixels"/>
			</IconStyle>
			<ListStyle>
				<ItemIcon>
					<href>http://maps.google.com/mapfiles/kml/paddle/red-diamond-lv.png</href>
				</ItemIcon>
			</ListStyle>
		</Style>
		<Style id="sn_ylw-pushpin600">
			<IconStyle>
				<scale>1.1</scale>
				<Icon>
					<href>http://maps.google.com/mapfiles/kml/pushpin/ylw-pushpin.png</href>
				</Icon>
				<hotSpot x="20" y="2" xunits="pixels" yunits="pixels"/>
			</IconStyle>
		</Style>
		<Folder>
			<name>Meus lugares</name>
			<LookAt>
				<longitude>-36.12521789259741</longitude>
				<latitude>-8.471818137568205</latitude>
				<altitude>0</altitude>
				<heading>-0.5874151365378119</heading>
				<tilt>30.00734988129653</tilt>
				<range>1638.199904908669</range>
				<gx:altitudeMode>relativeToSeaFloor</gx:altitudeMode>
			</LookAt>
			<Style>
				<ListStyle>
					<listItemType>check</listItemType>
					<ItemIcon>
						<state>open</state>
						<href>:/mysavedplaces_open.png</href>
					</ItemIcon>
					<ItemIcon>
						<state>closed</state>
						<href>:/mysavedplaces_closed.png</href>
					</ItemIcon>
					<bgColor>00ffffff</bgColor>
					<maxSnippetLines>2</maxSnippetLines>
				</ListStyle>
			</Style>
			<Folder>
				<name>Passeio aos pontos turísticos</name>
				<description><![CDATA[Certifique-se de que a camada de Construções em 3D esteja selecionada

<]]></description>
				<LookAt>
					<longitude>19.68643335287933</longitude>
					<latitude>8.823759953410123</latitude>
					<altitude>0</altitude>
					<heading>1.31142774319959e-07</heading>
					<tilt>0</tilt>
					<range>9628515.141500046</range>
					<gx:altitudeMode>relativeToSeaFloor</gx:altitudeMode>
				</LookAt>
				<Style id="sn_noicon0">
					<IconStyle>
						<Icon>
						</Icon>
					</IconStyle>
					<LabelStyle>
						<color>00ffffff</color>
					</LabelStyle>
				</Style>
				<gx:Tour>
					<name>Comece o passeio aqui</name>
					<gx:Playlist>
						<gx:FlyTo>
							<gx:duration>7</gx:duration>
							<LookAt>
								<longitude>2.291433408790398</longitude>
								<latitude>48.86046599047212</latitude>
								<altitude>0</altitude>
								<heading>-44.78443344916974</heading>
								<tilt>84.50456468378914</tilt>
								<range>1237.092264232066</range>
								<altitudeMode>relativeToGround</altitudeMode>
							</LookAt>
						</gx:FlyTo>
						<gx:Wait><gx:duration>4</gx:duration>
</gx:Wait>
						<gx:FlyTo>
							<gx:duration>5</gx:duration>
							<gx:flyToMode>smooth</gx:flyToMode>
							<LookAt>
								<longitude>2.292516819664192</longitude>
								<latitude>48.85698932280409</latitude>
								<altitude>0</altitude>
								<heading>-133.4483170172488</heading>
								<tilt>70.63136956830182</tilt>
								<range>969.7156365886258</range>
								<altitudeMode>relativeToGround</altitudeMode>
							</LookAt>
						</gx:FlyTo>
						<gx:FlyTo>
							<gx:duration>6</gx:duration>
							<gx:flyToMode>smooth</gx:flyToMode>
							<LookAt>
								<longitude>2.295838863036321</longitude>
								<latitude>48.85722765839494</latitude>
								<altitude>0</altitude>
								<heading>144.8330905543111</heading>
								<tilt>82.11044392463096</tilt>
								<range>1280.086026374546</range>
								<altitudeMode>relativeToGround</altitudeMode>
							</LookAt>
						</gx:FlyTo>
						<gx:Wait><gx:duration>0.6</gx:duration>
</gx:Wait>
						<gx:TourControl>
						</gx:TourControl>
						<gx:FlyTo>
							<gx:duration>7</gx:duration>
							<LookAt>
								<longitude>-43.20953574843956</longitude>
								<latitude>-22.950407157676</latitude>
								<altitude>0</altitude>
								<heading>-134.4620862063529</heading>
								<tilt>58.47824597790541</tilt>
								<range>518.7551361289096</range>
								<altitudeMode>relativeToGround</altitudeMode>
							</LookAt>
						</gx:FlyTo>
						<gx:Wait><gx:duration>3</gx:duration>
</gx:Wait>
						<gx:FlyTo>
							<gx:duration>6</gx:duration>
							<gx:flyToMode>smooth</gx:flyToMode>
							<LookAt>
								<longitude>-43.21454496440098</longitude>
								<latitude>-22.95360604377341</latitude>
								<altitude>0</altitude>
								<heading>-120.57288800332</heading>
								<tilt>65.17521407189773</tilt>
								<range>660</range>
								<altitudeMode>relativeToGround</altitudeMode>
							</LookAt>
						</gx:FlyTo>
						<gx:FlyTo>
							<gx:duration>6</gx:duration>
							<gx:flyToMode>smooth</gx:flyToMode>
							<LookAt>
								<longitude>-43.21660160057429</longitude>
								<latitude>-22.94806206144405</latitude>
								<altitude>0</altitude>
								<heading>-57.54538440420448</heading>
								<tilt>80.00485701436207</tilt>
								<range>1000</range>
								<altitudeMode>relativeToGround</altitudeMode>
							</LookAt>
						</gx:FlyTo>
						<gx:FlyTo>
							<gx:duration>6</gx:duration>
							<gx:flyToMode>smooth</gx:flyToMode>
							<LookAt>
								<longitude>-43.20919504667657</longitude>
								<latitude>-22.95016892675761</latitude>
								<altitude>0</altitude>
								<heading>43.40129179538381</heading>
								<tilt>66.44869267970699</tilt>
								<range>400</range>
								<altitudeMode>relativeToGround</altitudeMode>
							</LookAt>
						</gx:FlyTo>
						<gx:Wait><gx:duration>0.6</gx:duration>
</gx:Wait>
						<gx:TourControl>
						</gx:TourControl>
						<gx:FlyTo>
							<gx:duration>8</gx:duration>
							<LookAt>
								<longitude>-111.825259364926</longitude>
								<latitude>36.13629032059509</latitude>
								<altitude>0</altitude>
								<heading>-122.0385885563142</heading>
								<tilt>71.25665521441707</tilt>
								<range>2881.126209803783</range>
								<altitudeMode>relativeToGround</altitudeMode>
							</LookAt>
						</gx:FlyTo>
						<gx:Wait><gx:duration>5</gx:duration>
</gx:Wait>
						<gx:FlyTo>
							<gx:duration>10</gx:duration>
							<gx:flyToMode>smooth</gx:flyToMode>
							<LookAt>
								<longitude>-111.8178193912654</longitude>
								<latitude>36.12220415999125</latitude>
								<altitude>0</altitude>
								<heading>-20.55049931075685</heading>
								<tilt>70.46152747623586</tilt>
								<range>6923.518337176915</range>
								<altitudeMode>relativeToGround</altitudeMode>
							</LookAt>
						</gx:FlyTo>
						<gx:Wait><gx:duration>0.6</gx:duration>
</gx:Wait>
						<gx:TourControl>
						</gx:TourControl>
						<gx:FlyTo>
							<gx:duration>8</gx:duration>
							<LookAt>
								<longitude>151.2122001847845</longitude>
								<latitude>-33.85543600090152</latitude>
								<altitude>0</altitude>
								<heading>-136.7378847758026</heading>
								<tilt>68.87493344592141</tilt>
								<range>1332.179816629172</range>
								<altitudeMode>relativeToGround</altitudeMode>
							</LookAt>
						</gx:FlyTo>
						<gx:Wait><gx:duration>5</gx:duration>
</gx:Wait>
						<gx:FlyTo>
							<gx:duration>8</gx:duration>
							<gx:flyToMode>smooth</gx:flyToMode>
							<LookAt>
								<longitude>151.2102747218619</longitude>
								<latitude>-33.86562371282643</latitude>
								<altitude>0</altitude>
								<heading>-100.9504733403397</heading>
								<tilt>61.69903309250663</tilt>
								<range>1157.567447390761</range>
								<altitudeMode>relativeToGround</altitudeMode>
							</LookAt>
						</gx:FlyTo>
						<gx:FlyTo>
							<gx:duration>8</gx:duration>
							<gx:flyToMode>smooth</gx:flyToMode>
							<LookAt>
								<longitude>151.2084567507541</longitude>
								<latitude>-33.8719709424179</latitude>
								<altitude>0</altitude>
								<heading>-30.97913448260641</heading>
								<tilt>73.81737727550399</tilt>
								<range>1804.653308065182</range>
								<altitudeMode>relativeToGround</altitudeMode>
							</LookAt>
						</gx:FlyTo>
						<gx:Wait><gx:duration>1</gx:duration>
</gx:Wait>
						<gx:TourControl>
						</gx:TourControl>
						<gx:FlyTo>
							<gx:duration>7</gx:duration>
							<LookAt>
								<longitude>12.45863229278517</longitude>
								<latitude>41.90238356414683</latitude>
								<altitude>0</altitude>
								<heading>-88.09821473983064</heading>
								<tilt>72.55531058146758</tilt>
								<range>545.5229608700497</range>
								<altitudeMode>relativeToGround</altitudeMode>
							</LookAt>
						</gx:FlyTo>
						<gx:Wait><gx:duration>2</gx:duration>
</gx:Wait>
						<gx:FlyTo>
							<gx:duration>4</gx:duration>
							<gx:flyToMode>smooth</gx:flyToMode>
							<LookAt>
								<longitude>12.45576850829061</longitude>
								<latitude>41.90259432723413</latitude>
								<altitude>0</altitude>
								<heading>-45.63719485912762</heading>
								<tilt>67.45254428277359</tilt>
								<range>440.4364927688193</range>
								<altitudeMode>relativeToGround</altitudeMode>
							</LookAt>
						</gx:FlyTo>
						<gx:FlyTo>
							<gx:duration>5</gx:duration>
							<gx:flyToMode>smooth</gx:flyToMode>
							<LookAt>
								<longitude>12.45521415868397</longitude>
								<latitude>41.90223391472421</latitude>
								<altitude>0</altitude>
								<heading>62.2555896882265</heading>
								<tilt>56.44844484217481</tilt>
								<range>660</range>
								<altitudeMode>relativeToGround</altitudeMode>
							</LookAt>
						</gx:FlyTo>
						<gx:FlyTo>
							<gx:duration>5</gx:duration>
							<gx:flyToMode>smooth</gx:flyToMode>
							<LookAt>
								<longitude>12.45542893820797</longitude>
								<latitude>41.90247136879627</latitude>
								<altitude>0</altitude>
								<heading>143.1756044668531</heading>
								<tilt>54.3757116252694</tilt>
								<range>630.2289324677029</range>
								<altitudeMode>relativeToGround</altitudeMode>
							</LookAt>
						</gx:FlyTo>
						<gx:FlyTo>
							<gx:duration>4</gx:duration>
							<gx:flyToMode>smooth</gx:flyToMode>
							<LookAt>
								<longitude>12.45514725466031</longitude>
								<latitude>41.90208944848824</latitude>
								<altitude>0</altitude>
								<heading>-126.2904640924972</heading>
								<tilt>62.98553010498054</tilt>
								<range>973.0823093362777</range>
								<altitudeMode>relativeToGround</altitudeMode>
							</LookAt>
						</gx:FlyTo>
						<gx:Wait><gx:duration>0.6</gx:duration>
</gx:Wait>
						<gx:TourControl>
						</gx:TourControl>
						<gx:FlyTo>
							<gx:duration>9</gx:duration>
							<LookAt>
								<longitude>-0.120788371613878</longitude>
								<latitude>51.50501055442484</latitude>
								<altitude>0</altitude>
								<heading>-26.35029775803154</heading>
								<tilt>73.05226006937514</tilt>
								<range>454.4339921427415</range>
								<altitudeMode>relativeToGround</altitudeMode>
							</LookAt>
						</gx:FlyTo>
						<gx:Wait><gx:duration>4</gx:duration>
</gx:Wait>
						<gx:FlyTo>
							<gx:duration>3</gx:duration>
							<gx:flyToMode>smooth</gx:flyToMode>
							<LookAt>
								<longitude>-0.1218913821474976</longitude>
								<latitude>51.50305583632267</latitude>
								<altitude>0</altitude>
								<heading>-104.133103977011</heading>
								<tilt>62.33871582343829</tilt>
								<range>464.9005677104844</range>
								<altitudeMode>relativeToGround</altitudeMode>
							</LookAt>
						</gx:FlyTo>
						<gx:FlyTo>
							<gx:duration>3</gx:duration>
							<gx:flyToMode>smooth</gx:flyToMode>
							<LookAt>
								<longitude>-0.1210052471346601</longitude>
								<latitude>51.50193262427588</latitude>
								<altitude>0</altitude>
								<heading>-148.4647519019507</heading>
								<tilt>62.49820488326289</tilt>
								<range>467.9437060050972</range>
								<altitudeMode>relativeToGround</altitudeMode>
							</LookAt>
						</gx:FlyTo>
						<gx:Wait><gx:duration>0.6</gx:duration>
</gx:Wait>
						<gx:TourControl>
						</gx:TourControl>
						<gx:FlyTo>
							<gx:duration>10</gx:duration>
							<LookAt>
								<longitude>-49.94775814514536</longitude>
								<latitude>41.72923316238139</latitude>
								<altitude>0</altitude>
								<heading>-22.16745101595302</heading>
								<tilt>58.51118653734172</tilt>
								<range>15751.03428612136</range>
								<altitudeMode>relativeToGround</altitudeMode>
							</LookAt>
						</gx:FlyTo>
						<gx:Wait><gx:duration>3</gx:duration>
</gx:Wait>
						<gx:FlyTo>
							<gx:duration>3</gx:duration>
							<gx:flyToMode>smooth</gx:flyToMode>
							<LookAt>
								<longitude>-49.95064833173971</longitude>
								<latitude>41.73675356498745</latitude>
								<altitude>0</altitude>
								<heading>-22.0614952772804</heading>
								<tilt>58.41962787655594</tilt>
								<range>3785.050923503806</range>
								<gx:altitudeMode>relativeToSeaFloor</gx:altitudeMode>
							</LookAt>
						</gx:FlyTo>
						<gx:FlyTo>
							<gx:duration>3</gx:duration>
							<gx:flyToMode>smooth</gx:flyToMode>
							<LookAt>
								<longitude>-49.94963603456613</longitude>
								<latitude>41.73044100800762</latitude>
								<altitude>0</altitude>
								<heading>-21.98561736233518</heading>
								<tilt>59.14449309551124</tilt>
								<range>1298.527712044066</range>
								<gx:altitudeMode>relativeToSeaFloor</gx:altitudeMode>
							</LookAt>
						</gx:FlyTo>
						<gx:FlyTo>
							<gx:duration>3</gx:duration>
							<gx:flyToMode>smooth</gx:flyToMode>
							<LookAt>
								<longitude>-49.9476723120594</longitude>
								<latitude>41.73049451623312</latitude>
								<altitude>0</altitude>
								<heading>39.17295296812819</heading>
								<tilt>67.43152193490242</tilt>
								<range>877.6242516424816</range>
								<gx:altitudeMode>relativeToSeaFloor</gx:altitudeMode>
							</LookAt>
						</gx:FlyTo>
						<gx:FlyTo>
							<gx:duration>3</gx:duration>
							<gx:flyToMode>smooth</gx:flyToMode>
							<LookAt>
								<longitude>-49.94932550499109</longitude>
								<latitude>41.73351808554008</latitude>
								<altitude>0</altitude>
								<heading>62.89000376535781</heading>
								<tilt>76.83720128724194</tilt>
								<range>184.8131750740089</range>
								<gx:altitudeMode>relativeToSeaFloor</gx:altitudeMode>
							</LookAt>
						</gx:FlyTo>
						<gx:FlyTo>
							<gx:duration>3</gx:duration>
							<gx:flyToMode>smooth</gx:flyToMode>
							<LookAt>
								<longitude>-49.94863305687194</longitude>
								<latitude>41.7346904804198</latitude>
								<altitude>0</altitude>
								<heading>162.2375295003862</heading>
								<tilt>70.14149365018284</tilt>
								<range>231.5863465484218</range>
								<gx:altitudeMode>relativeToSeaFloor</gx:altitudeMode>
							</LookAt>
						</gx:FlyTo>
						<gx:Wait><gx:duration>0.6</gx:duration>
</gx:Wait>
						<gx:TourControl>
						</gx:TourControl>
						<gx:FlyTo>
							<gx:duration>14</gx:duration>
							<LookAt>
								<longitude>116.3908088768237</longitude>
								<latitude>39.91379916102216</latitude>
								<altitude>0</altitude>
								<heading>-1.138855209962087</heading>
								<tilt>63.78082439241467</tilt>
								<range>804.0076519351231</range>
								<altitudeMode>relativeToGround</altitudeMode>
							</LookAt>
						</gx:FlyTo>
						<gx:Wait><gx:duration>4</gx:duration>
</gx:Wait>
						<gx:FlyTo>
							<gx:duration>4</gx:duration>
							<gx:flyToMode>smooth</gx:flyToMode>
							<LookAt>
								<longitude>116.3902022277641</longitude>
								<latitude>39.91548590997697</latitude>
								<altitude>0</altitude>
								<heading>36.54261588920597</heading>
								<tilt>53.23349045734695</tilt>
								<range>1284.830404072757</range>
								<altitudeMode>relativeToGround</altitudeMode>
							</LookAt>
						</gx:FlyTo>
						<gx:FlyTo>
							<gx:duration>5</gx:duration>
							<gx:flyToMode>smooth</gx:flyToMode>
							<LookAt>
								<longitude>116.3894381947359</longitude>
								<latitude>39.91647028464102</latitude>
								<altitude>0</altitude>
								<heading>109.9844905127141</heading>
								<tilt>77.81184480203503</tilt>
								<range>434.044223900926</range>
								<altitudeMode>relativeToGround</altitudeMode>
							</LookAt>
						</gx:FlyTo>
						<gx:Wait><gx:duration>0.6</gx:duration>
</gx:Wait>
						<gx:TourControl>
						</gx:TourControl>
						<gx:FlyTo>
							<gx:duration>13</gx:duration>
							<LookAt>
								<longitude>138.7818265722904</longitude>
								<latitude>35.34063009043844</latitude>
								<altitude>0</altitude>
								<heading>-62.46343745766319</heading>
								<tilt>67.6064862659656</tilt>
								<range>7131.323646428426</range>
								<altitudeMode>relativeToGround</altitudeMode>
							</LookAt>
						</gx:FlyTo>
						<gx:Wait><gx:duration>2</gx:duration>
</gx:Wait>
						<gx:FlyTo>
							<gx:duration>5</gx:duration>
							<gx:flyToMode>smooth</gx:flyToMode>
							<LookAt>
								<longitude>138.732831233965</longitude>
								<latitude>35.34631761100981</latitude>
								<altitude>0</altitude>
								<heading>8.54680114884243</heading>
								<tilt>63.6005664023261</tilt>
								<range>4599.456156339281</range>
								<altitudeMode>relativeToGround</altitudeMode>
							</LookAt>
						</gx:FlyTo>
						<gx:FlyTo>
							<gx:duration>5</gx:duration>
							<gx:flyToMode>smooth</gx:flyToMode>
							<LookAt>
								<longitude>138.7117696613163</longitude>
								<latitude>35.35924486897797</latitude>
								<altitude>0</altitude>
								<heading>77.97081549606358</heading>
								<tilt>65.19409798035845</tilt>
								<range>8748.160445429821</range>
								<altitudeMode>relativeToGround</altitudeMode>
							</LookAt>
						</gx:FlyTo>
						<gx:Wait><gx:duration>0.6</gx:duration>
</gx:Wait>
						<gx:TourControl>
						</gx:TourControl>
						<gx:FlyTo>
							<gx:duration>8</gx:duration>
							<LookAt>
								<longitude>-122.0820910773159</longitude>
								<latitude>37.41931975444069</latitude>
								<altitude>0</altitude>
								<heading>-25.52915008078697</heading>
								<tilt>60.16567815354701</tilt>
								<range>421.7487119859438</range>
								<altitudeMode>relativeToGround</altitudeMode>
							</LookAt>
						</gx:FlyTo>
						<gx:Wait><gx:duration>3</gx:duration>
</gx:Wait>
						<gx:FlyTo>
							<gx:duration>3</gx:duration>
							<gx:flyToMode>smooth</gx:flyToMode>
							<LookAt>
								<longitude>-122.0828356355515</longitude>
								<latitude>37.41970831813314</latitude>
								<altitude>0</altitude>
								<heading>-48.22990007554524</heading>
								<tilt>77.38490900520242</tilt>
								<range>281.1183154577782</range>
								<altitudeMode>relativeToGround</altitudeMode>
							</LookAt>
						</gx:FlyTo>
						<gx:FlyTo>
							<gx:duration>3</gx:duration>
							<gx:flyToMode>smooth</gx:flyToMode>
							<LookAt>
								<longitude>-122.0837867591564</longitude>
								<latitude>37.42075190046511</latitude>
								<altitude>0</altitude>
								<heading>-48.20230753378853</heading>
								<tilt>77.38416695218248</tilt>
								<range>196.354133688462</range>
								<altitudeMode>relativeToGround</altitudeMode>
							</LookAt>
						</gx:FlyTo>
						<gx:FlyTo>
							<gx:duration>4</gx:duration>
							<gx:flyToMode>smooth</gx:flyToMode>
							<LookAt>
								<longitude>-122.0845501159868</longitude>
								<latitude>37.4218699663417</latitude>
								<altitude>0</altitude>
								<heading>-69.56777763392701</heading>
								<tilt>70.05009898715139</tilt>
								<range>179.6078491941072</range>
								<altitudeMode>relativeToGround</altitudeMode>
							</LookAt>
						</gx:FlyTo>
						<gx:FlyTo>
							<gx:duration>4</gx:duration>
							<gx:flyToMode>smooth</gx:flyToMode>
							<LookAt>
								<longitude>-122.0865370283483</longitude>
								<latitude>37.42216403229413</latitude>
								<altitude>0</altitude>
								<heading>-76.24554149800839</heading>
								<tilt>66.0643204358401</tilt>
								<range>186.138599501638</range>
								<altitudeMode>relativeToGround</altitudeMode>
							</LookAt>
						</gx:FlyTo>
						<gx:FlyTo>
							<gx:duration>4</gx:duration>
							<gx:flyToMode>smooth</gx:flyToMode>
							<LookAt>
								<longitude>-122.0855609773483</longitude>
								<latitude>37.42182792652437</latitude>
								<altitude>0</altitude>
								<heading>136.7389026227908</heading>
								<tilt>53.07129205583576</tilt>
								<range>205.5505645659833</range>
								<altitudeMode>relativeToGround</altitudeMode>
							</LookAt>
						</gx:FlyTo>
						<gx:FlyTo>
							<gx:duration>4</gx:duration>
							<gx:flyToMode>smooth</gx:flyToMode>
							<LookAt>
								<longitude>-122.0857031347691</longitude>
								<latitude>37.42169546784739</latitude>
								<altitude>0</altitude>
								<heading>51.91673446403121</heading>
								<tilt>50.75900171716816</tilt>
								<range>232.187882698068</range>
								<altitudeMode>relativeToGround</altitudeMode>
							</LookAt>
						</gx:FlyTo>
						<gx:Wait><gx:duration>0.6</gx:duration>
</gx:Wait>
						<gx:TourControl>
						</gx:TourControl>
					</gx:Playlist>
				</gx:Tour>
				<Placemark id="eiffel">
					<name>A Torre Eiffel</name>
					<description>Localizada em Paris, França</description>
					<LookAt>
						<longitude>2.295967680887427</longitude>
						<latitude>48.85780097266282</latitude>
						<altitude>0</altitude>
						<heading>-42.91158279440752</heading>
						<tilt>58.51308219868477</tilt>
						<range>798.4686453648802</range>
						<altitudeMode>relativeToGround</altitudeMode>
					</LookAt>
					<styleUrl>#sn_noicon0</styleUrl>
					<Point>
						<coordinates>2.295967680887427,48.85780097266282,0</coordinates>
					</Point>
				</Placemark>
				<Placemark id="christ">
					<name>Cristo Redentor</name>
					<description>Localizado no Rio de Janeiro, Brasil</description>
					<LookAt>
						<longitude>-43.20953574843956</longitude>
						<latitude>-22.950407157676</latitude>
						<altitude>0</altitude>
						<heading>-134.4620862063529</heading>
						<tilt>58.47824597790541</tilt>
						<range>518.7551361289096</range>
						<altitudeMode>relativeToGround</altitudeMode>
					</LookAt>
					<styleUrl>#sn_noicon0</styleUrl>
					<Point>
						<coordinates>-43.20953574843956,-22.95040715767599,0</coordinates>
					</Point>
				</Placemark>
				<Placemark id="canyon">
					<name>O Grand Canyon</name>
					<description>Localizado no estado de Arizona, EUA</description>
					<LookAt>
						<longitude>-111.839335188889</longitude>
						<latitude>36.14936973429993</latitude>
						<altitude>0</altitude>
						<heading>-102.4264123877612</heading>
						<tilt>60.36812941371167</tilt>
						<range>17029.89256740801</range>
						<altitudeMode>relativeToGround</altitudeMode>
					</LookAt>
					<styleUrl>#sn_noicon0</styleUrl>
					<Point>
						<coordinates>-111.839335188889,36.14936973429993,0</coordinates>
					</Point>
				</Placemark>
				<Placemark id="sydney">
					<name>Sydney</name>
					<description>New South Wales, Austrália</description>
					<LookAt>
						<longitude>151.2122001847845</longitude>
						<latitude>-33.85543600090152</latitude>
						<altitude>0</altitude>
						<heading>-136.7378847758026</heading>
						<tilt>68.87493344592141</tilt>
						<range>1332.179816629172</range>
						<altitudeMode>relativeToGround</altitudeMode>
					</LookAt>
					<styleUrl>#sn_noicon0</styleUrl>
					<Point>
						<coordinates>151.2122001847845,-33.85543600090152,0</coordinates>
					</Point>
				</Placemark>
				<Placemark id="peters">
					<name>Basilica de São Pedro</name>
					<description>Localizada na Cidade do Vaticano</description>
					<LookAt>
						<longitude>12.45863229278517</longitude>
						<latitude>41.90238356414683</latitude>
						<altitude>0</altitude>
						<heading>-88.09821473983064</heading>
						<tilt>72.55531058146758</tilt>
						<range>545.5229608700497</range>
						<altitudeMode>relativeToGround</altitudeMode>
					</LookAt>
					<styleUrl>#sn_noicon0</styleUrl>
					<Point>
						<coordinates>12.45863229278517,41.90238356414683,0</coordinates>
					</Point>
				</Placemark>
				<Placemark id="london">
					<name>O London Eye</name>
					<description>Localizado em Londres, Inglaterra</description>
					<LookAt>
						<longitude>-0.1208037863755851</longitude>
						<latitude>51.50295856070689</latitude>
						<altitude>0</altitude>
						<heading>-119.6219029975624</heading>
						<tilt>54.36628262074456</tilt>
						<range>667.3903819080039</range>
						<altitudeMode>relativeToGround</altitudeMode>
					</LookAt>
					<styleUrl>#sn_noicon0</styleUrl>
					<Point>
						<coordinates>-0.1208037863755851,51.50295856070689,0</coordinates>
					</Point>
				</Placemark>
				<Placemark id="titanic">
					<name>O Titanic</name>
					<description>Localizado no Oceano Atlântico Norte</description>
					<LookAt>
						<longitude>-49.94881009327763</longitude>
						<latitude>41.72834170105288</latitude>
						<altitude>0</altitude>
						<heading>46.46743078657357</heading>
						<tilt>59.42261846268553</tilt>
						<range>858.0285123602595</range>
						<gx:altitudeMode>relativeToSeaFloor</gx:altitudeMode>
					</LookAt>
					<styleUrl>#sn_noicon0</styleUrl>
					<Point>
						<coordinates>-49.94881009327763,41.72834170105288,0</coordinates>
					</Point>
				</Placemark>
				<Placemark id="forbidden">
					<name>A Cidade Proibida</name>
					<description>Localizada em Pequim, China</description>
					<LookAt>
						<longitude>116.3908088768237</longitude>
						<latitude>39.91379916102216</latitude>
						<altitude>0</altitude>
						<heading>-1.138855209962087</heading>
						<tilt>63.78082439241467</tilt>
						<range>804.0076519351231</range>
						<altitudeMode>relativeToGround</altitudeMode>
					</LookAt>
					<styleUrl>#sn_noicon0</styleUrl>
					<Point>
						<coordinates>116.3908088768236,39.91379916102216,0</coordinates>
					</Point>
				</Placemark>
				<Placemark id="fuji">
					<name>Monte Fuji</name>
					<description>Localizado nas proximidades de Tóquio, Japão</description>
					<LookAt>
						<longitude>138.7818265722904</longitude>
						<latitude>35.34063009043844</latitude>
						<altitude>0</altitude>
						<heading>-62.46343745766319</heading>
						<tilt>67.6064862659656</tilt>
						<range>7131.323646428426</range>
						<altitudeMode>relativeToGround</altitudeMode>
					</LookAt>
					<styleUrl>#sn_noicon0</styleUrl>
					<Point>
						<coordinates>138.7818265722904,35.34063009043844,0</coordinates>
					</Point>
				</Placemark>
				<Placemark id="google">
					<name>Sede do Google</name>
					<description>Localizada em Mountain View, na Califórnia</description>
					<LookAt>
						<longitude>-122.0857031353512</longitude>
						<latitude>37.42169546752972</latitude>
						<altitude>0</altitude>
						<heading>51.91673446364886</heading>
						<tilt>50.75900171660835</tilt>
						<range>232.1878066927673</range>
						<altitudeMode>relativeToGround</altitudeMode>
					</LookAt>
					<styleUrl>#sn_noicon0</styleUrl>
					<Point>
						<coordinates>-122.0857031353512,37.42169546752972,0</coordinates>
					</Point>
				</Placemark>
			</Folder>
			<Placemark>
				<name>TORRE CASA DE PAULO</name>
				<LookAt>
					<longitude>-36.24926195000193</longitude>
					<latitude>-8.492739174440594</latitude>
					<altitude>0</altitude>
					<heading>0.003117465862325735</heading>
					<tilt>23.09237467674679</tilt>
					<range>334.1635046195306</range>
					<gx:altitudeMode>relativeToSeaFloor</gx:altitudeMode>
				</LookAt>
				<styleUrl>#m_ylw-pushpin000000</styleUrl>
				<Point>
					<gx:drawOrder>1</gx:drawOrder>
					<coordinates>-36.24985099323831,-8.492739769207612,0</coordinates>
				</Point>
			</Placemark>
			<Placemark>
				<name>SITIO IGREJINHA</name>
				<LookAt>
					<longitude>-36.3053333329696</longitude>
					<latitude>-8.390527777166502</latitude>
					<altitude>0</altitude>
					<heading>-5.307312083091135e-11</heading>
					<tilt>0</tilt>
					<range>1000.000213056414</range>
					<gx:altitudeMode>relativeToSeaFloor</gx:altitudeMode>
				</LookAt>
				<styleUrl>#m_ylw-pushpin114</styleUrl>
				<Point>
					<gx:drawOrder>1</gx:drawOrder>
					<coordinates>-36.30532494595577,-8.390523628174911,0</coordinates>
				</Point>
			</Placemark>
			<Placemark>
				<name>SITIO ALTO DO PONTO</name>
				<LookAt>
					<longitude>-36.34423938699652</longitude>
					<latitude>-8.44044525880286</latitude>
					<altitude>0</altitude>
					<heading>-9.898382347171901e-06</heading>
					<tilt>28.65776936038964</tilt>
					<range>93.41434907843995</range>
					<gx:altitudeMode>relativeToSeaFloor</gx:altitudeMode>
				</LookAt>
				<styleUrl>#m_ylw-pushpin1010</styleUrl>
				<Point>
					<gx:drawOrder>1</gx:drawOrder>
					<coordinates>-36.3442760911607,-8.440417471186207,0</coordinates>
				</Point>
			</Placemark>
			<Placemark>
				<name>SITIO BOI MORTO</name>
				<LookAt>
					<longitude>-36.39965605128016</longitude>
					<latitude>-8.654476200976392</latitude>
					<altitude>0</altitude>
					<heading>-0.0001503431772638696</heading>
					<tilt>30.41605924949786</tilt>
					<range>480.3789938225697</range>
					<gx:altitudeMode>relativeToSeaFloor</gx:altitudeMode>
				</LookAt>
				<styleUrl>#m_ylw-pushpin0011</styleUrl>
				<Point>
					<gx:drawOrder>1</gx:drawOrder>
					<coordinates>-36.39963663967166,-8.654737714850647,0</coordinates>
				</Point>
			</Placemark>
			<Placemark>
				<name>SITIO BASILIO</name>
				<LookAt>
					<longitude>-36.36267258208191</longitude>
					<latitude>-8.560501961407011</latitude>
					<altitude>0</altitude>
					<heading>-4.067954308575622e-05</heading>
					<tilt>22.81603230518214</tilt>
					<range>224.4864538903055</range>
					<gx:altitudeMode>relativeToSeaFloor</gx:altitudeMode>
				</LookAt>
				<styleUrl>#m_ylw-pushpin0030</styleUrl>
				<Point>
					<gx:drawOrder>1</gx:drawOrder>
					<coordinates>-36.36283114423503,-8.560418604913755,0</coordinates>
				</Point>
			</Placemark>
			<Placemark>
				<name>SÍTIO LAGOA GRANDE</name>
				<LookAt>
					<longitude>-36.24226252707717</longitude>
					<latitude>-8.627837009085653</latitude>
					<altitude>0</altitude>
					<heading>3.890498579906785e-05</heading>
					<tilt>29.08962741634991</tilt>
					<range>160.0722558566309</range>
					<gx:altitudeMode>relativeToSeaFloor</gx:altitudeMode>
				</LookAt>
				<styleUrl>#m_ylw-pushpin030</styleUrl>
				<Point>
					<gx:drawOrder>1</gx:drawOrder>
					<coordinates>-36.24235910705792,-8.627835157404142,0</coordinates>
				</Point>
			</Placemark>
			<Placemark>
				<name>pop</name>
				<LookAt>
					<longitude>-36.28125162668282</longitude>
					<latitude>-8.510362904140905</latitude>
					<altitude>0</altitude>
					<heading>0.007203016583887879</heading>
					<tilt>28.53563168106578</tilt>
					<range>301.7918057082605</range>
					<gx:altitudeMode>relativeToSeaFloor</gx:altitudeMode>
				</LookAt>
				<styleUrl>#m_ylw-pushpin61</styleUrl>
				<Point>
					<gx:drawOrder>1</gx:drawOrder>
					<coordinates>-36.28183151624872,-8.510467442561545,0</coordinates>
				</Point>
			</Placemark>
			<Placemark>
				<name>cliente</name>
				<LookAt>
					<longitude>-36.29103651997057</longitude>
					<latitude>-8.525563968476979</latitude>
					<altitude>0</altitude>
					<heading>0.008574965099845519</heading>
					<tilt>30.00228353715972</tilt>
					<range>508.4344264478323</range>
					<gx:altitudeMode>relativeToSeaFloor</gx:altitudeMode>
				</LookAt>
				<styleUrl>#msn_ylw-pushpin400</styleUrl>
				<Point>
					<gx:drawOrder>1</gx:drawOrder>
					<coordinates>-36.29172960742677,-8.52602357690332,0</coordinates>
				</Point>
			</Placemark>
			<Placemark>
				<name>Medida da linha</name>
				<styleUrl>#inline3200</styleUrl>
				<LineString>
					<tessellate>1</tessellate>
					<coordinates>
						-36.29172628719709,-8.526014789051912,554.3391955264697 -36.28183274115646,-8.51045620824638,554.7472470523386 
					</coordinates>
				</LineString>
			</Placemark>
			<Placemark>
				<name>TORRE SALGADINHO</name>
				<LookAt>
					<longitude>-36.28809076841144</longitude>
					<latitude>-8.484989595607377</latitude>
					<altitude>0</altitude>
					<heading>0.008727848700685695</heading>
					<tilt>26.6991723955007</tilt>
					<range>758.4839023853951</range>
					<gx:altitudeMode>relativeToSeaFloor</gx:altitudeMode>
				</LookAt>
				<styleUrl>#m_ylw-pushpin231</styleUrl>
				<Point>
					<gx:drawOrder>1</gx:drawOrder>
					<coordinates>-36.28923302815474,-8.486736589003685,0</coordinates>
				</Point>
			</Placemark>
			<Placemark>
				<name>BOA VISTA DE CIMA</name>
				<LookAt>
					<longitude>-36.28654611973352</longitude>
					<latitude>-8.382365674305046</latitude>
					<altitude>0</altitude>
					<heading>-0.003828548941674285</heading>
					<tilt>35.19785487247709</tilt>
					<range>1708.427565184712</range>
					<gx:altitudeMode>relativeToSeaFloor</gx:altitudeMode>
				</LookAt>
				<styleUrl>#msn_grn-blank</styleUrl>
				<Point>
					<gx:drawOrder>1</gx:drawOrder>
					<coordinates>-36.28303028793845,-8.379794298343835,0</coordinates>
				</Point>
			</Placemark>
			<Placemark>
				<name>POP ALAF</name>
				<LookAt>
					<longitude>-36.28765884140108</longitude>
					<latitude>-8.381715597466505</latitude>
					<altitude>0</altitude>
					<heading>-0.008934297517852045</heading>
					<tilt>30.73658179097884</tilt>
					<range>616.0941483736052</range>
					<gx:altitudeMode>relativeToSeaFloor</gx:altitudeMode>
				</LookAt>
				<styleUrl>#msn_red-circle</styleUrl>
				<Point>
					<gx:drawOrder>1</gx:drawOrder>
					<coordinates>-36.28884217837864,-8.381320187551331,0</coordinates>
				</Point>
			</Placemark>
			<Placemark>
				<name>BOA VISTA DE BAIXO</name>
				<LookAt>
					<longitude>-36.25014405291185</longitude>
					<latitude>-8.371165395729504</latitude>
					<altitude>0</altitude>
					<heading>-0.01450294004188743</heading>
					<tilt>30.65663421078287</tilt>
					<range>1362.963282493756</range>
					<gx:altitudeMode>relativeToSeaFloor</gx:altitudeMode>
				</LookAt>
				<styleUrl>#msn_grn-blank1</styleUrl>
				<Point>
					<gx:drawOrder>1</gx:drawOrder>
					<coordinates>-36.25021934260266,-8.372673320676249,0</coordinates>
				</Point>
			</Placemark>
			<Placemark>
				<name>MANDACARU</name>
				<LookAt>
					<longitude>-36.23851041995231</longitude>
					<latitude>-8.401291926284125</latitude>
					<altitude>0</altitude>
					<heading>-0.01620413417370755</heading>
					<tilt>30.65725075769152</tilt>
					<range>1497.594708450739</range>
					<gx:altitudeMode>relativeToSeaFloor</gx:altitudeMode>
				</LookAt>
				<styleUrl>#msn_grn-blank1</styleUrl>
				<Point>
					<gx:drawOrder>1</gx:drawOrder>
					<coordinates>-36.23859401810005,-8.398203646673197,0</coordinates>
				</Point>
			</Placemark>
			<Placemark>
				<name>MACACO</name>
				<LookAt>
					<longitude>-36.21351820614604</longitude>
					<latitude>-8.414467832859843</latitude>
					<altitude>0</altitude>
					<heading>-0.01679823573671161</heading>
					<tilt>30.65944752397833</tilt>
					<range>1977.395644700841</range>
					<gx:altitudeMode>relativeToSeaFloor</gx:altitudeMode>
				</LookAt>
				<styleUrl>#msn_grn-blank1</styleUrl>
				<Point>
					<gx:drawOrder>1</gx:drawOrder>
					<coordinates>-36.21215876657892,-8.413980838099059,0</coordinates>
				</Point>
			</Placemark>
			<Placemark>
				<name>MACAPÁ</name>
				<LookAt>
					<longitude>-36.1866914283265</longitude>
					<latitude>-8.439616186439729</latitude>
					<altitude>0</altitude>
					<heading>-0.02072904707686698</heading>
					<tilt>30.66181882769681</tilt>
					<range>2495.227031100531</range>
					<gx:altitudeMode>relativeToSeaFloor</gx:altitudeMode>
				</LookAt>
				<styleUrl>#msn_grn-blank1</styleUrl>
				<Point>
					<gx:drawOrder>1</gx:drawOrder>
					<coordinates>-36.18767068002792,-8.444078234864511,0</coordinates>
				</Point>
			</Placemark>
			<Placemark>
				<name>AGRESTE MINGU</name>
				<LookAt>
					<longitude>-36.12266993894458</longitude>
					<latitude>-8.396654317093617</latitude>
					<altitude>0</altitude>
					<heading>104.2116129907022</heading>
					<tilt>35.22064225567158</tilt>
					<range>574.2897163893937</range>
					<gx:altitudeMode>relativeToSeaFloor</gx:altitudeMode>
				</LookAt>
				<styleUrl>#msn_grn-blank1</styleUrl>
				<Point>
					<gx:drawOrder>1</gx:drawOrder>
					<coordinates>-36.12351785457402,-8.395816358724868,0</coordinates>
				</Point>
			</Placemark>
			<Placemark>
				<name>BREJO DA LAGOA</name>
				<LookAt>
					<longitude>-36.11305201095893</longitude>
					<latitude>-8.397244786282052</latitude>
					<altitude>0</altitude>
					<heading>104.2102207972785</heading>
					<tilt>34.79317580659221</tilt>
					<range>1085.683612648537</range>
					<gx:altitudeMode>relativeToSeaFloor</gx:altitudeMode>
				</LookAt>
				<styleUrl>#msn_grn-blank1</styleUrl>
				<Point>
					<gx:drawOrder>1</gx:drawOrder>
					<coordinates>-36.11251263262972,-8.396500558420403,0</coordinates>
				</Point>
			</Placemark>
			<Placemark>
				<name>PEDRA DE BAIXO</name>
				<LookAt>
					<longitude>-36.16334561516823</longitude>
					<latitude>-8.421540175063328</latitude>
					<altitude>0</altitude>
					<heading>104.2175166562188</heading>
					<tilt>32.40110468528128</tilt>
					<range>763.3400486758662</range>
					<gx:altitudeMode>relativeToSeaFloor</gx:altitudeMode>
				</LookAt>
				<styleUrl>#msn_grn-blank1</styleUrl>
				<Point>
					<gx:drawOrder>1</gx:drawOrder>
					<coordinates>-36.16368761321003,-8.421524715813733,0</coordinates>
				</Point>
			</Placemark>
			<Placemark>
				<name>ESTRIVAS</name>
				<LookAt>
					<longitude>-36.16101997089888</longitude>
					<latitude>-8.379096158172464</latitude>
					<altitude>0</altitude>
					<heading>104.2178986106234</heading>
					<tilt>31.63020771478326</tilt>
					<range>1157.08198384606</range>
					<gx:altitudeMode>relativeToSeaFloor</gx:altitudeMode>
				</LookAt>
				<styleUrl>#msn_grn-blank1</styleUrl>
				<Point>
					<gx:drawOrder>1</gx:drawOrder>
					<coordinates>-36.1623294830229,-8.378557676483016,0</coordinates>
				</Point>
			</Placemark>
			<Placemark>
				<name>MANOEL DA HORA</name>
				<LookAt>
					<longitude>-36.14227675211943</longitude>
					<latitude>-8.377856666148897</latitude>
					<altitude>0</altitude>
					<heading>104.2153093236644</heading>
					<tilt>30.44035276582808</tilt>
					<range>618.0798463930407</range>
					<gx:altitudeMode>relativeToSeaFloor</gx:altitudeMode>
				</LookAt>
				<styleUrl>#msn_grn-blank1</styleUrl>
				<Point>
					<gx:drawOrder>1</gx:drawOrder>
					<coordinates>-36.14267367626741,-8.376305433392126,0</coordinates>
				</Point>
			</Placemark>
			<Placemark>
				<name>POP MANOEL DA HORA</name>
				<LookAt>
					<longitude>-36.14227675211943</longitude>
					<latitude>-8.377856666148897</latitude>
					<altitude>0</altitude>
					<heading>104.2153093236644</heading>
					<tilt>30.44035276582808</tilt>
					<range>618.0798463930407</range>
					<gx:altitudeMode>relativeToSeaFloor</gx:altitudeMode>
				</LookAt>
				<styleUrl>#msn_red-diamond</styleUrl>
				<Point>
					<gx:drawOrder>1</gx:drawOrder>
					<coordinates>-36.14191820657156,-8.377660252412417,0</coordinates>
				</Point>
			</Placemark>
			<Placemark>
				<name>IMPOEIRAS</name>
				<LookAt>
					<longitude>-36.21358276971301</longitude>
					<latitude>-8.465351090444889</latitude>
					<altitude>0</altitude>
					<heading>104.2257247040244</heading>
					<tilt>30.44140294812521</tilt>
					<range>848.873199831647</range>
					<gx:altitudeMode>relativeToSeaFloor</gx:altitudeMode>
				</LookAt>
				<styleUrl>#msn_grn-blank0</styleUrl>
				<Point>
					<gx:drawOrder>1</gx:drawOrder>
					<coordinates>-36.21361962043509,-8.464202268584891,0</coordinates>
				</Point>
			</Placemark>
			<Placemark>
				<name>ENGAIXADA</name>
				<LookAt>
					<longitude>-36.19785096892146</longitude>
					<latitude>-8.455537832433984</latitude>
					<altitude>0</altitude>
					<heading>104.2236614147744</heading>
					<tilt>30.00170533426022</tilt>
					<range>379.7148503284172</range>
					<gx:altitudeMode>relativeToSeaFloor</gx:altitudeMode>
				</LookAt>
				<styleUrl>#msn_grn-blank0</styleUrl>
				<Point>
					<gx:drawOrder>1</gx:drawOrder>
					<coordinates>-36.19803486397451,-8.454817208468842,0</coordinates>
				</Point>
			</Placemark>
			<Placemark>
				<name>CONCEIÇÃO DE CIMA</name>
				<LookAt>
					<longitude>-36.28682410354457</longitude>
					<latitude>-8.515338722952526</latitude>
					<altitude>0</altitude>
					<heading>104.2367937214562</heading>
					<tilt>30.00350004509476</tilt>
					<range>779.3094779641859</range>
					<gx:altitudeMode>relativeToSeaFloor</gx:altitudeMode>
				</LookAt>
				<styleUrl>#msn_grn-blank0</styleUrl>
				<Point>
					<gx:drawOrder>1</gx:drawOrder>
					<coordinates>-36.28683014545356,-8.515706178543729,0</coordinates>
				</Point>
			</Placemark>
			<Placemark>
				<name>CONCEIÇÃO DE BAIXO</name>
				<LookAt>
					<longitude>-36.28466981625695</longitude>
					<latitude>-8.503823021188984</latitude>
					<altitude>0</altitude>
					<heading>104.2364752085019</heading>
					<tilt>30.00285135239678</tilt>
					<range>634.8803805191598</range>
					<gx:altitudeMode>relativeToSeaFloor</gx:altitudeMode>
				</LookAt>
				<styleUrl>#msn_grn-blank0</styleUrl>
				<Point>
					<gx:drawOrder>1</gx:drawOrder>
					<coordinates>-36.28513060359448,-8.502837512216107,0</coordinates>
				</Point>
			</Placemark>
			<Placemark>
				<name>CALDEIRÃO DE BAIXO</name>
				<LookAt>
					<longitude>-36.27860168392494</longitude>
					<latitude>-8.454707402991712</latitude>
					<altitude>0</altitude>
					<heading>104.2382121784678</heading>
					<tilt>26.72207242996247</tilt>
					<range>1038.352666992432</range>
					<gx:altitudeMode>relativeToSeaFloor</gx:altitudeMode>
				</LookAt>
				<styleUrl>#msn_grn-blank0</styleUrl>
				<Point>
					<gx:drawOrder>1</gx:drawOrder>
					<coordinates>-36.27708169963533,-8.451956646324815,0</coordinates>
				</Point>
			</Placemark>
			<Placemark>
				<name>CALDEIRÃO DE CIMA</name>
				<LookAt>
					<longitude>-36.29887502215661</longitude>
					<latitude>-8.45728296637073</latitude>
					<altitude>0</altitude>
					<heading>104.2411933960454</heading>
					<tilt>26.72586151993627</tilt>
					<range>1976.606027340795</range>
					<gx:altitudeMode>relativeToSeaFloor</gx:altitudeMode>
				</LookAt>
				<styleUrl>#msn_grn-blank0</styleUrl>
				<Point>
					<gx:drawOrder>1</gx:drawOrder>
					<coordinates>-36.29967663865668,-8.453454474408156,0</coordinates>
				</Point>
			</Placemark>
			<Placemark>
				<name>BORRACHINHA</name>
				<LookAt>
					<longitude>-36.28742968036764</longitude>
					<latitude>-8.434874161740909</latitude>
					<altitude>0</altitude>
					<heading>104.2374825372266</heading>
					<tilt>30.01188986445526</tilt>
					<range>2647.399515308115</range>
					<gx:altitudeMode>relativeToSeaFloor</gx:altitudeMode>
				</LookAt>
				<styleUrl>#msn_grn-blank0</styleUrl>
				<Point>
					<gx:drawOrder>1</gx:drawOrder>
					<coordinates>-36.29007316164045,-8.431481822256643,0</coordinates>
				</Point>
			</Placemark>
			<Placemark>
				<name>JOSÉ JERÔNIMO</name>
				<LookAt>
					<longitude>-36.29782774218689</longitude>
					<latitude>-8.437961802512209</latitude>
					<altitude>0</altitude>
					<heading>104.2390065318756</heading>
					<tilt>30.01194800517321</tilt>
					<range>2660.340214905477</range>
					<gx:altitudeMode>relativeToSeaFloor</gx:altitudeMode>
				</LookAt>
				<styleUrl>#msn_grn-blank0</styleUrl>
				<Point>
					<gx:drawOrder>1</gx:drawOrder>
					<coordinates>-36.29794653305471,-8.435073975714005,0</coordinates>
				</Point>
			</Placemark>
			<Placemark>
				<name>serrote da carreira</name>
				<LookAt>
					<longitude>-36.27375211044593</longitude>
					<latitude>-8.399878879383301</latitude>
					<altitude>0</altitude>
					<heading>28.41598888650975</heading>
					<tilt>30.00430142810153</tilt>
					<range>957.7620852948431</range>
					<gx:altitudeMode>relativeToSeaFloor</gx:altitudeMode>
				</LookAt>
				<styleUrl>#msn_grn-blank0</styleUrl>
				<Point>
					<gx:drawOrder>1</gx:drawOrder>
					<coordinates>-36.27429007820488,-8.400430058799047,0</coordinates>
				</Point>
			</Placemark>
			<Placemark>
				<name>MOITA DO MEIO</name>
				<LookAt>
					<longitude>-36.26414589499825</longitude>
					<latitude>-8.421340048971052</latitude>
					<altitude>0</altitude>
					<heading>28.41459543809985</heading>
					<tilt>30.00257176434708</tilt>
					<range>572.6241338815146</range>
					<gx:altitudeMode>relativeToSeaFloor</gx:altitudeMode>
				</LookAt>
				<styleUrl>#msn_grn-blank0</styleUrl>
				<Point>
					<gx:drawOrder>1</gx:drawOrder>
					<coordinates>-36.26475797865115,-8.421217368523417,0</coordinates>
				</Point>
			</Placemark>
			<Placemark>
				<name>LAGOA DA MELANCIA</name>
				<LookAt>
					<longitude>-36.25576909171649</longitude>
					<latitude>-8.390078207027496</latitude>
					<altitude>0</altitude>
					<heading>28.41336969433888</heading>
					<tilt>30.00530300176672</tilt>
					<range>1180.763295704466</range>
					<gx:altitudeMode>relativeToSeaFloor</gx:altitudeMode>
				</LookAt>
				<styleUrl>#msn_grn-blank0</styleUrl>
				<Point>
					<gx:drawOrder>1</gx:drawOrder>
					<coordinates>-36.25939277806732,-8.389579438759654,0</coordinates>
				</Point>
			</Placemark>
			<Placemark>
				<name>CAMARÁ</name>
				<LookAt>
					<longitude>-36.32807376497803</longitude>
					<latitude>-8.448835273377206</latitude>
					<altitude>0</altitude>
					<heading>28.42396339165194</heading>
					<tilt>30.00469579574947</tilt>
					<range>1045.580633566004</range>
					<gx:altitudeMode>relativeToSeaFloor</gx:altitudeMode>
				</LookAt>
				<styleUrl>#msn_grn-blank0</styleUrl>
				<Point>
					<gx:drawOrder>1</gx:drawOrder>
					<coordinates>-36.32856891291046,-8.448117437190291,0</coordinates>
				</Point>
			</Placemark>
			<Placemark>
				<name>CAÍBRAS CACHOEIRINHA</name>
				<LookAt>
					<longitude>-36.3006879186012</longitude>
					<latitude>-8.465728148117673</latitude>
					<altitude>0</altitude>
					<heading>28.41993513899595</heading>
					<tilt>29.99878880070333</tilt>
					<range>2667.213261815043</range>
					<gx:altitudeMode>relativeToSeaFloor</gx:altitudeMode>
				</LookAt>
				<styleUrl>#msn_grn-blank0</styleUrl>
				<Point>
					<gx:drawOrder>1</gx:drawOrder>
					<coordinates>-36.3031083288414,-8.4639020126319,0</coordinates>
				</Point>
			</Placemark>
			<Placemark>
				<name>SAMAMBAIA</name>
				<LookAt>
					<longitude>-36.23179371472728</longitude>
					<latitude>-8.468184794980509</latitude>
					<altitude>0</altitude>
					<heading>28.40978596649432</heading>
					<tilt>30.01659968961232</tilt>
					<range>3696.041117473342</range>
					<gx:altitudeMode>relativeToSeaFloor</gx:altitudeMode>
				</LookAt>
				<styleUrl>#msn_grn-blank0</styleUrl>
				<Point>
					<gx:drawOrder>1</gx:drawOrder>
					<coordinates>-36.24136424308571,-8.470515865372477,0</coordinates>
				</Point>
			</Placemark>
			<Placemark>
				<name>NETO</name>
				<LookAt>
					<longitude>-36.26164208325461</longitude>
					<latitude>-8.468796574196311</latitude>
					<altitude>0</altitude>
					<heading>28.41398868357858</heading>
					<tilt>29.48660971515278</tilt>
					<range>1914.825050746136</range>
					<gx:altitudeMode>relativeToSeaFloor</gx:altitudeMode>
				</LookAt>
				<styleUrl>#msn_grn-blank0</styleUrl>
				<Point>
					<gx:drawOrder>1</gx:drawOrder>
					<coordinates>-36.26348655794613,-8.469313438595735,0</coordinates>
				</Point>
			</Placemark>
			<Placemark>
				<name>LAGOA DE LAJE</name>
				<LookAt>
					<longitude>-36.2469823909484</longitude>
					<latitude>-8.441346376123811</latitude>
					<altitude>0</altitude>
					<heading>28.41183154037882</heading>
					<tilt>29.48643236617705</tilt>
					<range>1874.711092721714</range>
					<gx:altitudeMode>relativeToSeaFloor</gx:altitudeMode>
				</LookAt>
				<styleUrl>#msn_grn-blank0</styleUrl>
				<Point>
					<gx:drawOrder>1</gx:drawOrder>
					<coordinates>-36.24945291473926,-8.441916157593694,0</coordinates>
				</Point>
			</Placemark>
			<Placemark>
				<name>RIACHO DOCE</name>
				<LookAt>
					<longitude>-36.25298095640304</longitude>
					<latitude>-8.49056399466034</latitude>
					<altitude>0</altitude>
					<heading>28.41340972414028</heading>
					<tilt>30.00727535496902</tilt>
					<range>1619.917584875963</range>
					<gx:altitudeMode>relativeToSeaFloor</gx:altitudeMode>
				</LookAt>
				<styleUrl>#msn_grn-blank0</styleUrl>
				<Point>
					<gx:drawOrder>1</gx:drawOrder>
					<coordinates>-36.25648078161563,-8.489195782038653,0</coordinates>
				</Point>
			</Placemark>
			<Placemark>
				<name>LAGOA DE LAJE</name>
				<LookAt>
					<longitude>-36.26556243900063</longitude>
					<latitude>-8.478689691697197</latitude>
					<altitude>0</altitude>
					<heading>28.41526624901337</heading>
					<tilt>30.00521517673232</tilt>
					<range>1161.193276608408</range>
					<gx:altitudeMode>relativeToSeaFloor</gx:altitudeMode>
				</LookAt>
				<styleUrl>#msn_grn-blank0</styleUrl>
				<Point>
					<gx:drawOrder>1</gx:drawOrder>
					<coordinates>-36.26684502850514,-8.47912721103574,0</coordinates>
				</Point>
			</Placemark>
			<Placemark>
				<name>SALGADINHO</name>
				<LookAt>
					<longitude>-36.27928247427111</longitude>
					<latitude>-8.481782399328495</latitude>
					<altitude>0</altitude>
					<heading>28.41728980516076</heading>
					<tilt>30.01407171951449</tilt>
					<range>3133.181122131326</range>
					<gx:altitudeMode>relativeToSeaFloor</gx:altitudeMode>
				</LookAt>
				<styleUrl>#msn_grn-blank0</styleUrl>
				<Point>
					<gx:drawOrder>1</gx:drawOrder>
					<coordinates>-36.28685113437957,-8.480526644655868,0</coordinates>
				</Point>
			</Placemark>
			<Placemark>
				<name>SERROTE DO GADO BRAVO</name>
				<LookAt>
					<longitude>-36.39454029098297</longitude>
					<latitude>-8.492483206567654</latitude>
					<altitude>0</altitude>
					<heading>28.43423736720593</heading>
					<tilt>30.00781589165237</tilt>
					<range>1740.301854944124</range>
					<gx:altitudeMode>relativeToSeaFloor</gx:altitudeMode>
				</LookAt>
				<styleUrl>#msn_grn-blank0</styleUrl>
				<Point>
					<gx:drawOrder>1</gx:drawOrder>
					<coordinates>-36.39715950557397,-8.491167081846067,0</coordinates>
				</Point>
			</Placemark>
			<Placemark>
				<name>CALDEIRÃOZINHO</name>
				<LookAt>
					<longitude>-36.37298042907948</longitude>
					<latitude>-8.494485671093059</latitude>
					<altitude>0</altitude>
					<heading>28.43105237029567</heading>
					<tilt>30.00812174116568</tilt>
					<range>1808.395798016583</range>
					<gx:altitudeMode>relativeToSeaFloor</gx:altitudeMode>
				</LookAt>
				<styleUrl>#msn_grn-blank0</styleUrl>
				<Point>
					<gx:drawOrder>1</gx:drawOrder>
					<coordinates>-36.37298042907948,-8.494485671093059,0</coordinates>
				</Point>
			</Placemark>
			<Placemark>
				<name>CAÍBRAS SÃO BENTO</name>
				<LookAt>
					<longitude>-36.36858844267152</longitude>
					<latitude>-8.513138970107306</latitude>
					<altitude>0</altitude>
					<heading>28.43040600067074</heading>
					<tilt>30.01022818933233</tilt>
					<range>2277.418971805419</range>
					<gx:altitudeMode>relativeToSeaFloor</gx:altitudeMode>
				</LookAt>
				<styleUrl>#msn_grn-blank0</styleUrl>
				<Point>
					<gx:drawOrder>1</gx:drawOrder>
					<coordinates>-36.37109537144821,-8.51373000910954,0</coordinates>
				</Point>
			</Placemark>
			<Placemark>
				<name>TAPUIO</name>
				<LookAt>
					<longitude>-36.32867854766808</longitude>
					<latitude>-8.507936287687905</latitude>
					<altitude>0</altitude>
					<heading>28.42451696856811</heading>
					<tilt>30.01897763036372</tilt>
					<range>4225.55256350771</range>
					<gx:altitudeMode>relativeToSeaFloor</gx:altitudeMode>
				</LookAt>
				<styleUrl>#msn_grn-blank0</styleUrl>
				<Point>
					<gx:drawOrder>1</gx:drawOrder>
					<coordinates>-36.33141024768196,-8.502806576975473,0</coordinates>
				</Point>
			</Placemark>
			<Placemark>
				<name>MALHADA</name>
				<LookAt>
					<longitude>-36.33191767940338</longitude>
					<latitude>-8.514149473034728</latitude>
					<altitude>0</altitude>
					<heading>28.42499629226253</heading>
					<tilt>30.01894441726028</tilt>
					<range>4218.168195979416</range>
					<gx:altitudeMode>relativeToSeaFloor</gx:altitudeMode>
				</LookAt>
				<styleUrl>#msn_grn-blank0</styleUrl>
				<Point>
					<gx:drawOrder>1</gx:drawOrder>
					<coordinates>-36.33805173918452,-8.51422404753801,0</coordinates>
				</Point>
			</Placemark>
			<Placemark>
				<name>GADO BRAVO</name>
				<LookAt>
					<longitude>-36.36084011557807</longitude>
					<latitude>-8.489352125367462</latitude>
					<altitude>0</altitude>
					<heading>28.42926698917757</heading>
					<tilt>30.00912484508638</tilt>
					<range>2031.735288328351</range>
					<gx:altitudeMode>relativeToSeaFloor</gx:altitudeMode>
				</LookAt>
				<styleUrl>#msn_grn-blank0</styleUrl>
				<Point>
					<gx:drawOrder>1</gx:drawOrder>
					<coordinates>-36.36334369602826,-8.489386595453741,0</coordinates>
				</Point>
			</Placemark>
			<Placemark>
				<name>LAGOA DO QUEIJO</name>
				<LookAt>
					<longitude>-36.23611051756154</longitude>
					<latitude>-8.548071987969637</latitude>
					<altitude>0</altitude>
					<heading>28.41086906716266</heading>
					<tilt>30.00671780643994</tilt>
					<range>1495.776970907883</range>
					<gx:altitudeMode>relativeToSeaFloor</gx:altitudeMode>
				</LookAt>
				<styleUrl>#msn_grn-blank0</styleUrl>
				<Point>
					<gx:drawOrder>1</gx:drawOrder>
					<coordinates>-36.23907750291841,-8.548918843632032,0</coordinates>
				</Point>
			</Placemark>
			<Placemark>
				<name>ROSILIO</name>
				<LookAt>
					<longitude>-36.22739436161857</longitude>
					<latitude>-8.56078158442582</latitude>
					<altitude>0</altitude>
					<heading>28.40961412482228</heading>
					<tilt>29.8708276063807</tilt>
					<range>970.4587169321848</range>
					<gx:altitudeMode>relativeToSeaFloor</gx:altitudeMode>
				</LookAt>
				<styleUrl>#msn_grn-blank0</styleUrl>
				<Point>
					<gx:drawOrder>1</gx:drawOrder>
					<coordinates>-36.22880418105832,-8.560597205757036,0</coordinates>
				</Point>
			</Placemark>
			<Placemark>
				<name>BOQUEIRÃO</name>
				<LookAt>
					<longitude>-36.23669762130766</longitude>
					<latitude>-8.579244619406168</latitude>
					<altitude>0</altitude>
					<heading>28.41097002110967</heading>
					<tilt>30.00390339658401</tilt>
					<range>869.1377518395861</range>
					<gx:altitudeMode>relativeToSeaFloor</gx:altitudeMode>
				</LookAt>
				<styleUrl>#msn_grn-blank0</styleUrl>
				<Point>
					<gx:drawOrder>1</gx:drawOrder>
					<coordinates>-36.2368978874661,-8.578128173532066,0</coordinates>
				</Point>
			</Placemark>
			<Placemark>
				<name>BARREIRAS</name>
				<LookAt>
					<longitude>-36.21001345940243</longitude>
					<latitude>-8.487156240109845</latitude>
					<altitude>0</altitude>
					<heading>28.40700528019124</heading>
					<tilt>30.00611366996673</tilt>
					<range>1361.249350060127</range>
					<gx:altitudeMode>relativeToSeaFloor</gx:altitudeMode>
				</LookAt>
				<styleUrl>#msn_grn-blank0</styleUrl>
				<Point>
					<gx:drawOrder>1</gx:drawOrder>
					<coordinates>-36.21125923577218,-8.486277748104477,0</coordinates>
				</Point>
			</Placemark>
			<Placemark>
				<name>BRAVOS</name>
				<LookAt>
					<longitude>-36.21572870645832</longitude>
					<latitude>-8.50373355003024</latitude>
					<altitude>0</altitude>
					<heading>104.2262865460593</heading>
					<tilt>29.84671249702858</tilt>
					<range>1147.310195558576</range>
					<gx:altitudeMode>relativeToSeaFloor</gx:altitudeMode>
				</LookAt>
				<styleUrl>#msn_grn-blank0</styleUrl>
				<Point>
					<gx:drawOrder>1</gx:drawOrder>
					<coordinates>-36.21588240820085,-8.503057165935026,0</coordinates>
				</Point>
			</Placemark>
			<Placemark>
				<name>BERNADINOS</name>
				<LookAt>
					<longitude>-36.18458274278315</longitude>
					<latitude>-8.487449812814067</latitude>
					<altitude>0</altitude>
					<heading>104.2216215451478</heading>
					<tilt>30.00576978348908</tilt>
					<range>1284.686325684685</range>
					<gx:altitudeMode>relativeToSeaFloor</gx:altitudeMode>
				</LookAt>
				<styleUrl>#msn_grn-blank0</styleUrl>
				<Point>
					<gx:drawOrder>1</gx:drawOrder>
					<coordinates>-36.18489202716152,-8.484076715833602,0</coordinates>
				</Point>
			</Placemark>
			<Placemark>
				<name>OURICURI</name>
				<LookAt>
					<longitude>-36.26887922311193</longitude>
					<latitude>-8.55592278951263</latitude>
					<altitude>0</altitude>
					<heading>104.2340364055056</heading>
					<tilt>30.00731421453608</tilt>
					<range>1628.570690830626</range>
					<gx:altitudeMode>relativeToSeaFloor</gx:altitudeMode>
				</LookAt>
				<styleUrl>#msn_grn-blank0</styleUrl>
				<Point>
					<gx:drawOrder>1</gx:drawOrder>
					<coordinates>-36.26966334234345,-8.555862478124324,0</coordinates>
				</Point>
			</Placemark>
			<Placemark>
				<name>CARACOL</name>
				<LookAt>
					<longitude>-36.32059839428772</longitude>
					<latitude>-8.522064127250115</latitude>
					<altitude>0</altitude>
					<heading>104.2318632773488</heading>
					<tilt>28.43016108219289</tilt>
					<range>1546.186717432813</range>
					<gx:altitudeMode>relativeToSeaFloor</gx:altitudeMode>
				</LookAt>
				<styleUrl>#msn_grn-blank0</styleUrl>
				<Point>
					<gx:drawOrder>1</gx:drawOrder>
					<coordinates>-36.32135694844943,-8.519667227323847,0</coordinates>
				</Point>
			</Placemark>
			<Placemark>
				<name>PAPAGAIO</name>
				<LookAt>
					<longitude>-36.17123488937673</longitude>
					<latitude>-8.369548229096049</latitude>
					<altitude>0</altitude>
					<heading>104.2289159515173</heading>
					<tilt>24.07737218891797</tilt>
					<range>594.0478514517417</range>
					<gx:altitudeMode>relativeToSeaFloor</gx:altitudeMode>
				</LookAt>
				<styleUrl>#msn_grn-blank0</styleUrl>
				<Point>
					<gx:drawOrder>1</gx:drawOrder>
					<coordinates>-36.17066601819079,-8.369218809650258,0</coordinates>
				</Point>
			</Placemark>
			<Placemark>
				<name>VÁRZEA DA COBRA</name>
				<LookAt>
					<longitude>-36.18691346441292</longitude>
					<latitude>-8.375887404742423</latitude>
					<altitude>0</altitude>
					<heading>104.2208260200622</heading>
					<tilt>26.47563514172408</tilt>
					<range>2170.424581126951</range>
					<gx:altitudeMode>relativeToSeaFloor</gx:altitudeMode>
				</LookAt>
				<styleUrl>#msn_grn-blank0</styleUrl>
				<Point>
					<gx:drawOrder>1</gx:drawOrder>
					<coordinates>-36.18515672856068,-8.374583832364308,0</coordinates>
				</Point>
			</Placemark>
			<Placemark>
				<name>ALAZÃO</name>
				<LookAt>
					<longitude>-36.2437282036186</longitude>
					<latitude>-8.561013358304374</latitude>
					<altitude>0</altitude>
					<heading>104.2171013544648</heading>
					<tilt>30.00450168186213</tilt>
					<range>1002.352786289323</range>
					<gx:altitudeMode>relativeToSeaFloor</gx:altitudeMode>
				</LookAt>
				<styleUrl>#msn_grn-blank0</styleUrl>
				<Point>
					<gx:drawOrder>1</gx:drawOrder>
					<coordinates>-36.24411432169407,-8.561758376420613,0</coordinates>
				</Point>
			</Placemark>
			<Placemark>
				<name>JUREMA</name>
				<LookAt>
					<longitude>-36.19710578157584</longitude>
					<latitude>-8.398583036150946</latitude>
					<altitude>0</altitude>
					<heading>104.2375570336039</heading>
					<tilt>24.78134912290736</tilt>
					<range>1143.979005095402</range>
					<gx:altitudeMode>relativeToSeaFloor</gx:altitudeMode>
				</LookAt>
				<styleUrl>#msn_grn-blank0</styleUrl>
				<Point>
					<gx:drawOrder>1</gx:drawOrder>
					<coordinates>-36.19775352516945,-8.396420236291148,0</coordinates>
				</Point>
			</Placemark>
			<Placemark>
				<name>FERNANDES</name>
				<LookAt>
					<longitude>-36.1520634919447</longitude>
					<latitude>-8.431392580658329</latitude>
					<altitude>0</altitude>
					<heading>-156.5301883476115</heading>
					<tilt>33.26914679653978</tilt>
					<range>905.094078786028</range>
					<gx:altitudeMode>relativeToSeaFloor</gx:altitudeMode>
				</LookAt>
				<styleUrl>#msn_grn-blank0</styleUrl>
				<Point>
					<gx:drawOrder>1</gx:drawOrder>
					<coordinates>-36.15210475507187,-8.433349156671822,0</coordinates>
				</Point>
			</Placemark>
			<Placemark>
				<name>QUEIMADAS</name>
				<LookAt>
					<longitude>-36.14957942011874</longitude>
					<latitude>-8.44573666931081</latitude>
					<altitude>0</altitude>
					<heading>-156.5303281056704</heading>
					<tilt>33.23339534437214</tilt>
					<range>681.9592648796801</range>
					<gx:altitudeMode>relativeToSeaFloor</gx:altitudeMode>
				</LookAt>
				<styleUrl>#msn_grn-blank0</styleUrl>
				<Point>
					<gx:drawOrder>1</gx:drawOrder>
					<coordinates>-36.14863786895298,-8.445125835712954,0</coordinates>
				</Point>
			</Placemark>
			<Placemark>
				<name>BONITA</name>
				<LookAt>
					<longitude>-36.12521789259741</longitude>
					<latitude>-8.471818137568205</latitude>
					<altitude>0</altitude>
					<heading>-0.5874151365378119</heading>
					<tilt>30.00734988129653</tilt>
					<range>1638.199904908669</range>
					<gx:altitudeMode>relativeToSeaFloor</gx:altitudeMode>
				</LookAt>
				<styleUrl>#msn_grn-blank0</styleUrl>
				<Point>
					<gx:drawOrder>1</gx:drawOrder>
					<coordinates>-36.12365863563641,-8.473243642536879,0</coordinates>
				</Point>
			</Placemark>
			<Placemark>
				<name>Medida da linha</name>
				<styleUrl>#inline820</styleUrl>
				<LineString>
					<tessellate>1</tessellate>
					<coordinates>
						-36.28923956593125,-8.486719935481368,602.9660193735217 -36.3287297456388,-8.401222194121294,680.8451584789568 
					</coordinates>
				</LineString>
			</Placemark>
			<Placemark>
				<name>TORRE DA PIMENTA</name>
				<LookAt>
					<longitude>-36.34117766697222</longitude>
					<latitude>-8.53051949803673</latitude>
					<altitude>0</altitude>
					<heading>0.004389455277704376</heading>
					<tilt>45.56127406175212</tilt>
					<range>313.1084264853703</range>
					<gx:altitudeMode>relativeToSeaFloor</gx:altitudeMode>
				</LookAt>
				<styleUrl>#m_ylw-pushpin231</styleUrl>
				<Point>
					<gx:drawOrder>1</gx:drawOrder>
					<coordinates>-36.34149739393407,-8.531154840687146,0</coordinates>
				</Point>
			</Placemark>
			<Placemark>
				<name>Medida da linha</name>
				<styleUrl>#inline510</styleUrl>
				<LineString>
					<tessellate>1</tessellate>
					<coordinates>
						-36.34150272288683,-8.531144658766557,647.1513413695089 -36.32871514531242,-8.401221295924865,681.2738640465921 
					</coordinates>
				</LineString>
			</Placemark>
			<Placemark>
				<name>TORRE RIACHO</name>
				<LookAt>
					<longitude>-36.21445122452445</longitude>
					<latitude>-8.372500353251095</latitude>
					<altitude>0</altitude>
					<heading>-0.004907115939690185</heading>
					<tilt>33.46939378904904</tilt>
					<range>516.2163522161975</range>
					<gx:altitudeMode>relativeToSeaFloor</gx:altitudeMode>
				</LookAt>
				<styleUrl>#m_ylw-pushpin231</styleUrl>
				<Point>
					<gx:drawOrder>1</gx:drawOrder>
					<coordinates>-36.21451722972227,-8.372881911060752,0</coordinates>
				</Point>
			</Placemark>
			<Placemark>
				<name>Medida da linha</name>
				<styleUrl>#inline11000</styleUrl>
				<LineString>
					<tessellate>1</tessellate>
					<coordinates>
						-36.21452153900682,-8.372863532032486,690.1722550966454 -36.32871671766728,-8.401228113161084,680.8727896519247 
					</coordinates>
				</LineString>
			</Placemark>
			<Document>
				<name>SITIOS.kmz</name>
				<Style id="sn_noicon00">
					<IconStyle>
						<Icon>
						</Icon>
					</IconStyle>
					<LabelStyle>
						<color>00ffffff</color>
					</LabelStyle>
				</Style>
				<Folder>
					<name>Passeio aos pontos turísticos</name>
					<description><![CDATA[Certifique-se de que a camada de Construções em 3D esteja selecionada

<]]></description>
					<LookAt>
						<longitude>19.68643335287933</longitude>
						<latitude>8.823759953410123</latitude>
						<altitude>0</altitude>
						<heading>1.31142774319959e-07</heading>
						<tilt>0</tilt>
						<range>9628515.141500046</range>
						<gx:altitudeMode>relativeToSeaFloor</gx:altitudeMode>
					</LookAt>
					<Style id="sn_noicon00">
						<IconStyle>
							<Icon>
							</Icon>
						</IconStyle>
						<LabelStyle>
							<color>00ffffff</color>
						</LabelStyle>
					</Style>
					<gx:Tour>
						<name>Comece o passeio aqui</name>
						<gx:Playlist>
							<gx:FlyTo>
								<gx:duration>7</gx:duration>
								<LookAt>
									<longitude>2.291433408790398</longitude>
									<latitude>48.86046599047212</latitude>
									<altitude>0</altitude>
									<heading>-44.78443344916974</heading>
									<tilt>84.50456468378914</tilt>
									<range>1237.092264232066</range>
									<altitudeMode>relativeToGround</altitudeMode>
								</LookAt>
							</gx:FlyTo>
							<gx:Wait><gx:duration>4</gx:duration>
</gx:Wait>
							<gx:FlyTo>
								<gx:duration>5</gx:duration>
								<gx:flyToMode>smooth</gx:flyToMode>
								<LookAt>
									<longitude>2.292516819664192</longitude>
									<latitude>48.85698932280409</latitude>
									<altitude>0</altitude>
									<heading>-133.4483170172488</heading>
									<tilt>70.63136956830182</tilt>
									<range>969.7156365886258</range>
									<altitudeMode>relativeToGround</altitudeMode>
								</LookAt>
							</gx:FlyTo>
							<gx:FlyTo>
								<gx:duration>6</gx:duration>
								<gx:flyToMode>smooth</gx:flyToMode>
								<LookAt>
									<longitude>2.295838863036321</longitude>
									<latitude>48.85722765839494</latitude>
									<altitude>0</altitude>
									<heading>144.8330905543111</heading>
									<tilt>82.11044392463096</tilt>
									<range>1280.086026374546</range>
									<altitudeMode>relativeToGround</altitudeMode>
								</LookAt>
							</gx:FlyTo>
							<gx:Wait><gx:duration>0.6</gx:duration>
</gx:Wait>
							<gx:TourControl>
							</gx:TourControl>
							<gx:FlyTo>
								<gx:duration>7</gx:duration>
								<LookAt>
									<longitude>-43.20953574843956</longitude>
									<latitude>-22.950407157676</latitude>
									<altitude>0</altitude>
									<heading>-134.4620862063529</heading>
									<tilt>58.47824597790541</tilt>
									<range>518.7551361289096</range>
									<altitudeMode>relativeToGround</altitudeMode>
								</LookAt>
							</gx:FlyTo>
							<gx:Wait><gx:duration>3</gx:duration>
</gx:Wait>
							<gx:FlyTo>
								<gx:duration>6</gx:duration>
								<gx:flyToMode>smooth</gx:flyToMode>
								<LookAt>
									<longitude>-43.21454496440098</longitude>
									<latitude>-22.95360604377341</latitude>
									<altitude>0</altitude>
									<heading>-120.57288800332</heading>
									<tilt>65.17521407189773</tilt>
									<range>660</range>
									<altitudeMode>relativeToGround</altitudeMode>
								</LookAt>
							</gx:FlyTo>
							<gx:FlyTo>
								<gx:duration>6</gx:duration>
								<gx:flyToMode>smooth</gx:flyToMode>
								<LookAt>
									<longitude>-43.21660160057429</longitude>
									<latitude>-22.94806206144405</latitude>
									<altitude>0</altitude>
									<heading>-57.54538440420448</heading>
									<tilt>80.00485701436207</tilt>
									<range>1000</range>
									<altitudeMode>relativeToGround</altitudeMode>
								</LookAt>
							</gx:FlyTo>
							<gx:FlyTo>
								<gx:duration>6</gx:duration>
								<gx:flyToMode>smooth</gx:flyToMode>
								<LookAt>
									<longitude>-43.20919504667657</longitude>
									<latitude>-22.95016892675761</latitude>
									<altitude>0</altitude>
									<heading>43.40129179538381</heading>
									<tilt>66.44869267970699</tilt>
									<range>400</range>
									<altitudeMode>relativeToGround</altitudeMode>
								</LookAt>
							</gx:FlyTo>
							<gx:Wait><gx:duration>0.6</gx:duration>
</gx:Wait>
							<gx:TourControl>
							</gx:TourControl>
							<gx:FlyTo>
								<gx:duration>8</gx:duration>
								<LookAt>
									<longitude>-111.825259364926</longitude>
									<latitude>36.13629032059509</latitude>
									<altitude>0</altitude>
									<heading>-122.0385885563142</heading>
									<tilt>71.25665521441707</tilt>
									<range>2881.126209803783</range>
									<altitudeMode>relativeToGround</altitudeMode>
								</LookAt>
							</gx:FlyTo>
							<gx:Wait><gx:duration>5</gx:duration>
</gx:Wait>
							<gx:FlyTo>
								<gx:duration>10</gx:duration>
								<gx:flyToMode>smooth</gx:flyToMode>
								<LookAt>
									<longitude>-111.8178193912654</longitude>
									<latitude>36.12220415999125</latitude>
									<altitude>0</altitude>
									<heading>-20.55049931075685</heading>
									<tilt>70.46152747623586</tilt>
									<range>6923.518337176915</range>
									<altitudeMode>relativeToGround</altitudeMode>
								</LookAt>
							</gx:FlyTo>
							<gx:Wait><gx:duration>0.6</gx:duration>
</gx:Wait>
							<gx:TourControl>
							</gx:TourControl>
							<gx:FlyTo>
								<gx:duration>8</gx:duration>
								<LookAt>
									<longitude>151.2122001847845</longitude>
									<latitude>-33.85543600090152</latitude>
									<altitude>0</altitude>
									<heading>-136.7378847758026</heading>
									<tilt>68.87493344592141</tilt>
									<range>1332.179816629172</range>
									<altitudeMode>relativeToGround</altitudeMode>
								</LookAt>
							</gx:FlyTo>
							<gx:Wait><gx:duration>5</gx:duration>
</gx:Wait>
							<gx:FlyTo>
								<gx:duration>8</gx:duration>
								<gx:flyToMode>smooth</gx:flyToMode>
								<LookAt>
									<longitude>151.2102747218619</longitude>
									<latitude>-33.86562371282643</latitude>
									<altitude>0</altitude>
									<heading>-100.9504733403397</heading>
									<tilt>61.69903309250663</tilt>
									<range>1157.567447390761</range>
									<altitudeMode>relativeToGround</altitudeMode>
								</LookAt>
							</gx:FlyTo>
							<gx:FlyTo>
								<gx:duration>8</gx:duration>
								<gx:flyToMode>smooth</gx:flyToMode>
								<LookAt>
									<longitude>151.2084567507541</longitude>
									<latitude>-33.8719709424179</latitude>
									<altitude>0</altitude>
									<heading>-30.97913448260641</heading>
									<tilt>73.81737727550399</tilt>
									<range>1804.653308065182</range>
									<altitudeMode>relativeToGround</altitudeMode>
								</LookAt>
							</gx:FlyTo>
							<gx:Wait><gx:duration>1</gx:duration>
</gx:Wait>
							<gx:TourControl>
							</gx:TourControl>
							<gx:FlyTo>
								<gx:duration>7</gx:duration>
								<LookAt>
									<longitude>12.45863229278517</longitude>
									<latitude>41.90238356414683</latitude>
									<altitude>0</altitude>
									<heading>-88.09821473983064</heading>
									<tilt>72.55531058146758</tilt>
									<range>545.5229608700497</range>
									<altitudeMode>relativeToGround</altitudeMode>
								</LookAt>
							</gx:FlyTo>
							<gx:Wait><gx:duration>2</gx:duration>
</gx:Wait>
							<gx:FlyTo>
								<gx:duration>4</gx:duration>
								<gx:flyToMode>smooth</gx:flyToMode>
								<LookAt>
									<longitude>12.45576850829061</longitude>
									<latitude>41.90259432723413</latitude>
									<altitude>0</altitude>
									<heading>-45.63719485912762</heading>
									<tilt>67.45254428277359</tilt>
									<range>440.4364927688193</range>
									<altitudeMode>relativeToGround</altitudeMode>
								</LookAt>
							</gx:FlyTo>
							<gx:FlyTo>
								<gx:duration>5</gx:duration>
								<gx:flyToMode>smooth</gx:flyToMode>
								<LookAt>
									<longitude>12.45521415868397</longitude>
									<latitude>41.90223391472421</latitude>
									<altitude>0</altitude>
									<heading>62.2555896882265</heading>
									<tilt>56.44844484217481</tilt>
									<range>660</range>
									<altitudeMode>relativeToGround</altitudeMode>
								</LookAt>
							</gx:FlyTo>
							<gx:FlyTo>
								<gx:duration>5</gx:duration>
								<gx:flyToMode>smooth</gx:flyToMode>
								<LookAt>
									<longitude>12.45542893820797</longitude>
									<latitude>41.90247136879627</latitude>
									<altitude>0</altitude>
									<heading>143.1756044668531</heading>
									<tilt>54.3757116252694</tilt>
									<range>630.2289324677029</range>
									<altitudeMode>relativeToGround</altitudeMode>
								</LookAt>
							</gx:FlyTo>
							<gx:FlyTo>
								<gx:duration>4</gx:duration>
								<gx:flyToMode>smooth</gx:flyToMode>
								<LookAt>
									<longitude>12.45514725466031</longitude>
									<latitude>41.90208944848824</latitude>
									<altitude>0</altitude>
									<heading>-126.2904640924972</heading>
									<tilt>62.98553010498054</tilt>
									<range>973.0823093362777</range>
									<altitudeMode>relativeToGround</altitudeMode>
								</LookAt>
							</gx:FlyTo>
							<gx:Wait><gx:duration>0.6</gx:duration>
</gx:Wait>
							<gx:TourControl>
							</gx:TourControl>
							<gx:FlyTo>
								<gx:duration>9</gx:duration>
								<LookAt>
									<longitude>-0.120788371613878</longitude>
									<latitude>51.50501055442484</latitude>
									<altitude>0</altitude>
									<heading>-26.35029775803154</heading>
									<tilt>73.05226006937514</tilt>
									<range>454.4339921427415</range>
									<altitudeMode>relativeToGround</altitudeMode>
								</LookAt>
							</gx:FlyTo>
							<gx:Wait><gx:duration>4</gx:duration>
</gx:Wait>
							<gx:FlyTo>
								<gx:duration>3</gx:duration>
								<gx:flyToMode>smooth</gx:flyToMode>
								<LookAt>
									<longitude>-0.1218913821474976</longitude>
									<latitude>51.50305583632267</latitude>
									<altitude>0</altitude>
									<heading>-104.133103977011</heading>
									<tilt>62.33871582343829</tilt>
									<range>464.9005677104844</range>
									<altitudeMode>relativeToGround</altitudeMode>
								</LookAt>
							</gx:FlyTo>
							<gx:FlyTo>
								<gx:duration>3</gx:duration>
								<gx:flyToMode>smooth</gx:flyToMode>
								<LookAt>
									<longitude>-0.1210052471346601</longitude>
									<latitude>51.50193262427588</latitude>
									<altitude>0</altitude>
									<heading>-148.4647519019507</heading>
									<tilt>62.49820488326289</tilt>
									<range>467.9437060050972</range>
									<altitudeMode>relativeToGround</altitudeMode>
								</LookAt>
							</gx:FlyTo>
							<gx:Wait><gx:duration>0.6</gx:duration>
</gx:Wait>
							<gx:TourControl>
							</gx:TourControl>
							<gx:FlyTo>
								<gx:duration>10</gx:duration>
								<LookAt>
									<longitude>-49.94775814514536</longitude>
									<latitude>41.72923316238139</latitude>
									<altitude>0</altitude>
									<heading>-22.16745101595302</heading>
									<tilt>58.51118653734172</tilt>
									<range>15751.03428612136</range>
									<altitudeMode>relativeToGround</altitudeMode>
								</LookAt>
							</gx:FlyTo>
							<gx:Wait><gx:duration>3</gx:duration>
</gx:Wait>
							<gx:FlyTo>
								<gx:duration>3</gx:duration>
								<gx:flyToMode>smooth</gx:flyToMode>
								<LookAt>
									<longitude>-49.95064833173971</longitude>
									<latitude>41.73675356498745</latitude>
									<altitude>0</altitude>
									<heading>-22.0614952772804</heading>
									<tilt>58.41962787655594</tilt>
									<range>3785.050923503806</range>
									<gx:altitudeMode>relativeToSeaFloor</gx:altitudeMode>
								</LookAt>
							</gx:FlyTo>
							<gx:FlyTo>
								<gx:duration>3</gx:duration>
								<gx:flyToMode>smooth</gx:flyToMode>
								<LookAt>
									<longitude>-49.94963603456613</longitude>
									<latitude>41.73044100800762</latitude>
									<altitude>0</altitude>
									<heading>-21.98561736233518</heading>
									<tilt>59.14449309551124</tilt>
									<range>1298.527712044066</range>
									<gx:altitudeMode>relativeToSeaFloor</gx:altitudeMode>
								</LookAt>
							</gx:FlyTo>
							<gx:FlyTo>
								<gx:duration>3</gx:duration>
								<gx:flyToMode>smooth</gx:flyToMode>
								<LookAt>
									<longitude>-49.9476723120594</longitude>
									<latitude>41.73049451623312</latitude>
									<altitude>0</altitude>
									<heading>39.17295296812819</heading>
									<tilt>67.43152193490242</tilt>
									<range>877.6242516424816</range>
									<gx:altitudeMode>relativeToSeaFloor</gx:altitudeMode>
								</LookAt>
							</gx:FlyTo>
							<gx:FlyTo>
								<gx:duration>3</gx:duration>
								<gx:flyToMode>smooth</gx:flyToMode>
								<LookAt>
									<longitude>-49.94932550499109</longitude>
									<latitude>41.73351808554008</latitude>
									<altitude>0</altitude>
									<heading>62.89000376535781</heading>
									<tilt>76.83720128724194</tilt>
									<range>184.8131750740089</range>
									<gx:altitudeMode>relativeToSeaFloor</gx:altitudeMode>
								</LookAt>
							</gx:FlyTo>
							<gx:FlyTo>
								<gx:duration>3</gx:duration>
								<gx:flyToMode>smooth</gx:flyToMode>
								<LookAt>
									<longitude>-49.94863305687194</longitude>
									<latitude>41.7346904804198</latitude>
									<altitude>0</altitude>
									<heading>162.2375295003862</heading>
									<tilt>70.14149365018284</tilt>
									<range>231.5863465484218</range>
									<gx:altitudeMode>relativeToSeaFloor</gx:altitudeMode>
								</LookAt>
							</gx:FlyTo>
							<gx:Wait><gx:duration>0.6</gx:duration>
</gx:Wait>
							<gx:TourControl>
							</gx:TourControl>
							<gx:FlyTo>
								<gx:duration>14</gx:duration>
								<LookAt>
									<longitude>116.3908088768237</longitude>
									<latitude>39.91379916102216</latitude>
									<altitude>0</altitude>
									<heading>-1.138855209962087</heading>
									<tilt>63.78082439241467</tilt>
									<range>804.0076519351231</range>
									<altitudeMode>relativeToGround</altitudeMode>
								</LookAt>
							</gx:FlyTo>
							<gx:Wait><gx:duration>4</gx:duration>
</gx:Wait>
							<gx:FlyTo>
								<gx:duration>4</gx:duration>
								<gx:flyToMode>smooth</gx:flyToMode>
								<LookAt>
									<longitude>116.3902022277641</longitude>
									<latitude>39.91548590997697</latitude>
									<altitude>0</altitude>
									<heading>36.54261588920597</heading>
									<tilt>53.23349045734695</tilt>
									<range>1284.830404072757</range>
									<altitudeMode>relativeToGround</altitudeMode>
								</LookAt>
							</gx:FlyTo>
							<gx:FlyTo>
								<gx:duration>5</gx:duration>
								<gx:flyToMode>smooth</gx:flyToMode>
								<LookAt>
									<longitude>116.3894381947359</longitude>
									<latitude>39.91647028464102</latitude>
									<altitude>0</altitude>
									<heading>109.9844905127141</heading>
									<tilt>77.81184480203503</tilt>
									<range>434.044223900926</range>
									<altitudeMode>relativeToGround</altitudeMode>
								</LookAt>
							</gx:FlyTo>
							<gx:Wait><gx:duration>0.6</gx:duration>
</gx:Wait>
							<gx:TourControl>
							</gx:TourControl>
							<gx:FlyTo>
								<gx:duration>13</gx:duration>
								<LookAt>
									<longitude>138.7818265722904</longitude>
									<latitude>35.34063009043844</latitude>
									<altitude>0</altitude>
									<heading>-62.46343745766319</heading>
									<tilt>67.6064862659656</tilt>
									<range>7131.323646428426</range>
									<altitudeMode>relativeToGround</altitudeMode>
								</LookAt>
							</gx:FlyTo>
							<gx:Wait><gx:duration>2</gx:duration>
</gx:Wait>
							<gx:FlyTo>
								<gx:duration>5</gx:duration>
								<gx:flyToMode>smooth</gx:flyToMode>
								<LookAt>
									<longitude>138.732831233965</longitude>
									<latitude>35.34631761100981</latitude>
									<altitude>0</altitude>
									<heading>8.54680114884243</heading>
									<tilt>63.6005664023261</tilt>
									<range>4599.456156339281</range>
									<altitudeMode>relativeToGround</altitudeMode>
								</LookAt>
							</gx:FlyTo>
							<gx:FlyTo>
								<gx:duration>5</gx:duration>
								<gx:flyToMode>smooth</gx:flyToMode>
								<LookAt>
									<longitude>138.7117696613163</longitude>
									<latitude>35.35924486897797</latitude>
									<altitude>0</altitude>
									<heading>77.97081549606358</heading>
									<tilt>65.19409798035845</tilt>
									<range>8748.160445429821</range>
									<altitudeMode>relativeToGround</altitudeMode>
								</LookAt>
							</gx:FlyTo>
							<gx:Wait><gx:duration>0.6</gx:duration>
</gx:Wait>
							<gx:TourControl>
							</gx:TourControl>
							<gx:FlyTo>
								<gx:duration>8</gx:duration>
								<LookAt>
									<longitude>-122.0820910773159</longitude>
									<latitude>37.41931975444069</latitude>
									<altitude>0</altitude>
									<heading>-25.52915008078697</heading>
									<tilt>60.16567815354701</tilt>
									<range>421.7487119859438</range>
									<altitudeMode>relativeToGround</altitudeMode>
								</LookAt>
							</gx:FlyTo>
							<gx:Wait><gx:duration>3</gx:duration>
</gx:Wait>
							<gx:FlyTo>
								<gx:duration>3</gx:duration>
								<gx:flyToMode>smooth</gx:flyToMode>
								<LookAt>
									<longitude>-122.0828356355515</longitude>
									<latitude>37.41970831813314</latitude>
									<altitude>0</altitude>
									<heading>-48.22990007554524</heading>
									<tilt>77.38490900520242</tilt>
									<range>281.1183154577782</range>
									<altitudeMode>relativeToGround</altitudeMode>
								</LookAt>
							</gx:FlyTo>
							<gx:FlyTo>
								<gx:duration>3</gx:duration>
								<gx:flyToMode>smooth</gx:flyToMode>
								<LookAt>
									<longitude>-122.0837867591564</longitude>
									<latitude>37.42075190046511</latitude>
									<altitude>0</altitude>
									<heading>-48.20230753378853</heading>
									<tilt>77.38416695218248</tilt>
									<range>196.354133688462</range>
									<altitudeMode>relativeToGround</altitudeMode>
								</LookAt>
							</gx:FlyTo>
							<gx:FlyTo>
								<gx:duration>4</gx:duration>
								<gx:flyToMode>smooth</gx:flyToMode>
								<LookAt>
									<longitude>-122.0845501159868</longitude>
									<latitude>37.4218699663417</latitude>
									<altitude>0</altitude>
									<heading>-69.56777763392701</heading>
									<tilt>70.05009898715139</tilt>
									<range>179.6078491941072</range>
									<altitudeMode>relativeToGround</altitudeMode>
								</LookAt>
							</gx:FlyTo>
							<gx:FlyTo>
								<gx:duration>4</gx:duration>
								<gx:flyToMode>smooth</gx:flyToMode>
								<LookAt>
									<longitude>-122.0865370283483</longitude>
									<latitude>37.42216403229413</latitude>
									<altitude>0</altitude>
									<heading>-76.24554149800839</heading>
									<tilt>66.0643204358401</tilt>
									<range>186.138599501638</range>
									<altitudeMode>relativeToGround</altitudeMode>
								</LookAt>
							</gx:FlyTo>
							<gx:FlyTo>
								<gx:duration>4</gx:duration>
								<gx:flyToMode>smooth</gx:flyToMode>
								<LookAt>
									<longitude>-122.0855609773483</longitude>
									<latitude>37.42182792652437</latitude>
									<altitude>0</altitude>
									<heading>136.7389026227908</heading>
									<tilt>53.07129205583576</tilt>
									<range>205.5505645659833</range>
									<altitudeMode>relativeToGround</altitudeMode>
								</LookAt>
							</gx:FlyTo>
							<gx:FlyTo>
								<gx:duration>4</gx:duration>
								<gx:flyToMode>smooth</gx:flyToMode>
								<LookAt>
									<longitude>-122.0857031347691</longitude>
									<latitude>37.42169546784739</latitude>
									<altitude>0</altitude>
									<heading>51.91673446403121</heading>
									<tilt>50.75900171716816</tilt>
									<range>232.187882698068</range>
									<altitudeMode>relativeToGround</altitudeMode>
								</LookAt>
							</gx:FlyTo>
							<gx:Wait><gx:duration>0.6</gx:duration>
</gx:Wait>
							<gx:TourControl>
							</gx:TourControl>
						</gx:Playlist>
					</gx:Tour>
					<Placemark id="eiffel">
						<name>A Torre Eiffel</name>
						<description>Localizada em Paris, França</description>
						<LookAt>
							<longitude>2.295967680887427</longitude>
							<latitude>48.85780097266282</latitude>
							<altitude>0</altitude>
							<heading>-42.91158279440752</heading>
							<tilt>58.51308219868477</tilt>
							<range>798.4686453648802</range>
							<altitudeMode>relativeToGround</altitudeMode>
						</LookAt>
						<styleUrl>#sn_noicon00</styleUrl>
						<Point>
							<coordinates>2.295967680887427,48.85780097266282,0</coordinates>
						</Point>
					</Placemark>
					<Placemark id="christ">
						<name>Cristo Redentor</name>
						<description>Localizado no Rio de Janeiro, Brasil</description>
						<LookAt>
							<longitude>-43.20953574843956</longitude>
							<latitude>-22.950407157676</latitude>
							<altitude>0</altitude>
							<heading>-134.4620862063529</heading>
							<tilt>58.47824597790541</tilt>
							<range>518.7551361289096</range>
							<altitudeMode>relativeToGround</altitudeMode>
						</LookAt>
						<styleUrl>#sn_noicon00</styleUrl>
						<Point>
							<coordinates>-43.20953574843956,-22.95040715767599,0</coordinates>
						</Point>
					</Placemark>
					<Placemark id="canyon">
						<name>O Grand Canyon</name>
						<description>Localizado no estado de Arizona, EUA</description>
						<LookAt>
							<longitude>-111.839335188889</longitude>
							<latitude>36.14936973429993</latitude>
							<altitude>0</altitude>
							<heading>-102.4264123877612</heading>
							<tilt>60.36812941371167</tilt>
							<range>17029.89256740801</range>
							<altitudeMode>relativeToGround</altitudeMode>
						</LookAt>
						<styleUrl>#sn_noicon00</styleUrl>
						<Point>
							<coordinates>-111.839335188889,36.14936973429993,0</coordinates>
						</Point>
					</Placemark>
					<Placemark id="sydney">
						<name>Sydney</name>
						<description>New South Wales, Austrália</description>
						<LookAt>
							<longitude>151.2122001847845</longitude>
							<latitude>-33.85543600090152</latitude>
							<altitude>0</altitude>
							<heading>-136.7378847758026</heading>
							<tilt>68.87493344592141</tilt>
							<range>1332.179816629172</range>
							<altitudeMode>relativeToGround</altitudeMode>
						</LookAt>
						<styleUrl>#sn_noicon00</styleUrl>
						<Point>
							<coordinates>151.2122001847845,-33.85543600090152,0</coordinates>
						</Point>
					</Placemark>
					<Placemark id="peters">
						<name>Basilica de São Pedro</name>
						<description>Localizada na Cidade do Vaticano</description>
						<LookAt>
							<longitude>12.45863229278517</longitude>
							<latitude>41.90238356414683</latitude>
							<altitude>0</altitude>
							<heading>-88.09821473983064</heading>
							<tilt>72.55531058146758</tilt>
							<range>545.5229608700497</range>
							<altitudeMode>relativeToGround</altitudeMode>
						</LookAt>
						<styleUrl>#sn_noicon00</styleUrl>
						<Point>
							<coordinates>12.45863229278517,41.90238356414683,0</coordinates>
						</Point>
					</Placemark>
					<Placemark id="london">
						<name>O London Eye</name>
						<description>Localizado em Londres, Inglaterra</description>
						<LookAt>
							<longitude>-0.1208037863755851</longitude>
							<latitude>51.50295856070689</latitude>
							<altitude>0</altitude>
							<heading>-119.6219029975624</heading>
							<tilt>54.36628262074456</tilt>
							<range>667.3903819080039</range>
							<altitudeMode>relativeToGround</altitudeMode>
						</LookAt>
						<styleUrl>#sn_noicon00</styleUrl>
						<Point>
							<coordinates>-0.1208037863755851,51.50295856070689,0</coordinates>
						</Point>
					</Placemark>
					<Placemark id="titanic">
						<name>O Titanic</name>
						<description>Localizado no Oceano Atlântico Norte</description>
						<LookAt>
							<longitude>-49.94881009327763</longitude>
							<latitude>41.72834170105288</latitude>
							<altitude>0</altitude>
							<heading>46.46743078657357</heading>
							<tilt>59.42261846268553</tilt>
							<range>858.0285123602595</range>
							<gx:altitudeMode>relativeToSeaFloor</gx:altitudeMode>
						</LookAt>
						<styleUrl>#sn_noicon00</styleUrl>
						<Point>
							<coordinates>-49.94881009327763,41.72834170105288,0</coordinates>
						</Point>
					</Placemark>
					<Placemark id="forbidden">
						<name>A Cidade Proibida</name>
						<description>Localizada em Pequim, China</description>
						<LookAt>
							<longitude>116.3908088768237</longitude>
							<latitude>39.91379916102216</latitude>
							<altitude>0</altitude>
							<heading>-1.138855209962087</heading>
							<tilt>63.78082439241467</tilt>
							<range>804.0076519351231</range>
							<altitudeMode>relativeToGround</altitudeMode>
						</LookAt>
						<styleUrl>#sn_noicon00</styleUrl>
						<Point>
							<coordinates>116.3908088768236,39.91379916102216,0</coordinates>
						</Point>
					</Placemark>
					<Placemark id="fuji">
						<name>Monte Fuji</name>
						<description>Localizado nas proximidades de Tóquio, Japão</description>
						<LookAt>
							<longitude>138.7818265722904</longitude>
							<latitude>35.34063009043844</latitude>
							<altitude>0</altitude>
							<heading>-62.46343745766319</heading>
							<tilt>67.6064862659656</tilt>
							<range>7131.323646428426</range>
							<altitudeMode>relativeToGround</altitudeMode>
						</LookAt>
						<styleUrl>#sn_noicon00</styleUrl>
						<Point>
							<coordinates>138.7818265722904,35.34063009043844,0</coordinates>
						</Point>
					</Placemark>
					<Placemark id="google">
						<name>Sede do Google</name>
						<description>Localizada em Mountain View, na Califórnia</description>
						<LookAt>
							<longitude>-122.0857031353512</longitude>
							<latitude>37.42169546752972</latitude>
							<altitude>0</altitude>
							<heading>51.91673446364886</heading>
							<tilt>50.75900171660835</tilt>
							<range>232.1878066927673</range>
							<altitudeMode>relativeToGround</altitudeMode>
						</LookAt>
						<styleUrl>#sn_noicon00</styleUrl>
						<Point>
							<coordinates>-122.0857031353512,37.42169546752972,0</coordinates>
						</Point>
					</Placemark>
				</Folder>
			</Document>
			<Document>
				<name>SITIOS.kmz</name>
				<Style id="sn_noicon1">
					<IconStyle>
						<Icon>
						</Icon>
					</IconStyle>
					<LabelStyle>
						<color>00ffffff</color>
					</LabelStyle>
				</Style>
				<Folder>
					<name>Passeio aos pontos turísticos</name>
					<description><![CDATA[Certifique-se de que a camada de Construções em 3D esteja selecionada

<]]></description>
					<LookAt>
						<longitude>19.68643335287933</longitude>
						<latitude>8.823759953410123</latitude>
						<altitude>0</altitude>
						<heading>1.31142774319959e-07</heading>
						<tilt>0</tilt>
						<range>9628515.141500046</range>
						<gx:altitudeMode>relativeToSeaFloor</gx:altitudeMode>
					</LookAt>
					<Style id="sn_noicon1">
						<IconStyle>
							<Icon>
							</Icon>
						</IconStyle>
						<LabelStyle>
							<color>00ffffff</color>
						</LabelStyle>
					</Style>
					<gx:Tour>
						<name>Comece o passeio aqui</name>
						<gx:Playlist>
							<gx:FlyTo>
								<gx:duration>7</gx:duration>
								<LookAt>
									<longitude>2.291433408790398</longitude>
									<latitude>48.86046599047212</latitude>
									<altitude>0</altitude>
									<heading>-44.78443344916974</heading>
									<tilt>84.50456468378914</tilt>
									<range>1237.092264232066</range>
									<altitudeMode>relativeToGround</altitudeMode>
								</LookAt>
							</gx:FlyTo>
							<gx:Wait><gx:duration>4</gx:duration>
</gx:Wait>
							<gx:FlyTo>
								<gx:duration>5</gx:duration>
								<gx:flyToMode>smooth</gx:flyToMode>
								<LookAt>
									<longitude>2.292516819664192</longitude>
									<latitude>48.85698932280409</latitude>
									<altitude>0</altitude>
									<heading>-133.4483170172488</heading>
									<tilt>70.63136956830182</tilt>
									<range>969.7156365886258</range>
									<altitudeMode>relativeToGround</altitudeMode>
								</LookAt>
							</gx:FlyTo>
							<gx:FlyTo>
								<gx:duration>6</gx:duration>
								<gx:flyToMode>smooth</gx:flyToMode>
								<LookAt>
									<longitude>2.295838863036321</longitude>
									<latitude>48.85722765839494</latitude>
									<altitude>0</altitude>
									<heading>144.8330905543111</heading>
									<tilt>82.11044392463096</tilt>
									<range>1280.086026374546</range>
									<altitudeMode>relativeToGround</altitudeMode>
								</LookAt>
							</gx:FlyTo>
							<gx:Wait><gx:duration>0.6</gx:duration>
</gx:Wait>
							<gx:TourControl>
							</gx:TourControl>
							<gx:FlyTo>
								<gx:duration>7</gx:duration>
								<LookAt>
									<longitude>-43.20953574843956</longitude>
									<latitude>-22.950407157676</latitude>
									<altitude>0</altitude>
									<heading>-134.4620862063529</heading>
									<tilt>58.47824597790541</tilt>
									<range>518.7551361289096</range>
									<altitudeMode>relativeToGround</altitudeMode>
								</LookAt>
							</gx:FlyTo>
							<gx:Wait><gx:duration>3</gx:duration>
</gx:Wait>
							<gx:FlyTo>
								<gx:duration>6</gx:duration>
								<gx:flyToMode>smooth</gx:flyToMode>
								<LookAt>
									<longitude>-43.21454496440098</longitude>
									<latitude>-22.95360604377341</latitude>
									<altitude>0</altitude>
									<heading>-120.57288800332</heading>
									<tilt>65.17521407189773</tilt>
									<range>660</range>
									<altitudeMode>relativeToGround</altitudeMode>
								</LookAt>
							</gx:FlyTo>
							<gx:FlyTo>
								<gx:duration>6</gx:duration>
								<gx:flyToMode>smooth</gx:flyToMode>
								<LookAt>
									<longitude>-43.21660160057429</longitude>
									<latitude>-22.94806206144405</latitude>
									<altitude>0</altitude>
									<heading>-57.54538440420448</heading>
									<tilt>80.00485701436207</tilt>
									<range>1000</range>
									<altitudeMode>relativeToGround</altitudeMode>
								</LookAt>
							</gx:FlyTo>
							<gx:FlyTo>
								<gx:duration>6</gx:duration>
								<gx:flyToMode>smooth</gx:flyToMode>
								<LookAt>
									<longitude>-43.20919504667657</longitude>
									<latitude>-22.95016892675761</latitude>
									<altitude>0</altitude>
									<heading>43.40129179538381</heading>
									<tilt>66.44869267970699</tilt>
									<range>400</range>
									<altitudeMode>relativeToGround</altitudeMode>
								</LookAt>
							</gx:FlyTo>
							<gx:Wait><gx:duration>0.6</gx:duration>
</gx:Wait>
							<gx:TourControl>
							</gx:TourControl>
							<gx:FlyTo>
								<gx:duration>8</gx:duration>
								<LookAt>
									<longitude>-111.825259364926</longitude>
									<latitude>36.13629032059509</latitude>
									<altitude>0</altitude>
									<heading>-122.0385885563142</heading>
									<tilt>71.25665521441707</tilt>
									<range>2881.126209803783</range>
									<altitudeMode>relativeToGround</altitudeMode>
								</LookAt>
							</gx:FlyTo>
							<gx:Wait><gx:duration>5</gx:duration>
</gx:Wait>
							<gx:FlyTo>
								<gx:duration>10</gx:duration>
								<gx:flyToMode>smooth</gx:flyToMode>
								<LookAt>
									<longitude>-111.8178193912654</longitude>
									<latitude>36.12220415999125</latitude>
									<altitude>0</altitude>
									<heading>-20.55049931075685</heading>
									<tilt>70.46152747623586</tilt>
									<range>6923.518337176915</range>
									<altitudeMode>relativeToGround</altitudeMode>
								</LookAt>
							</gx:FlyTo>
							<gx:Wait><gx:duration>0.6</gx:duration>
</gx:Wait>
							<gx:TourControl>
							</gx:TourControl>
							<gx:FlyTo>
								<gx:duration>8</gx:duration>
								<LookAt>
									<longitude>151.2122001847845</longitude>
									<latitude>-33.85543600090152</latitude>
									<altitude>0</altitude>
									<heading>-136.7378847758026</heading>
									<tilt>68.87493344592141</tilt>
									<range>1332.179816629172</range>
									<altitudeMode>relativeToGround</altitudeMode>
								</LookAt>
							</gx:FlyTo>
							<gx:Wait><gx:duration>5</gx:duration>
</gx:Wait>
							<gx:FlyTo>
								<gx:duration>8</gx:duration>
								<gx:flyToMode>smooth</gx:flyToMode>
								<LookAt>
									<longitude>151.2102747218619</longitude>
									<latitude>-33.86562371282643</latitude>
									<altitude>0</altitude>
									<heading>-100.9504733403397</heading>
									<tilt>61.69903309250663</tilt>
									<range>1157.567447390761</range>
									<altitudeMode>relativeToGround</altitudeMode>
								</LookAt>
							</gx:FlyTo>
							<gx:FlyTo>
								<gx:duration>8</gx:duration>
								<gx:flyToMode>smooth</gx:flyToMode>
								<LookAt>
									<longitude>151.2084567507541</longitude>
									<latitude>-33.8719709424179</latitude>
									<altitude>0</altitude>
									<heading>-30.97913448260641</heading>
									<tilt>73.81737727550399</tilt>
									<range>1804.653308065182</range>
									<altitudeMode>relativeToGround</altitudeMode>
								</LookAt>
							</gx:FlyTo>
							<gx:Wait><gx:duration>1</gx:duration>
</gx:Wait>
							<gx:TourControl>
							</gx:TourControl>
							<gx:FlyTo>
								<gx:duration>7</gx:duration>
								<LookAt>
									<longitude>12.45863229278517</longitude>
									<latitude>41.90238356414683</latitude>
									<altitude>0</altitude>
									<heading>-88.09821473983064</heading>
									<tilt>72.55531058146758</tilt>
									<range>545.5229608700497</range>
									<altitudeMode>relativeToGround</altitudeMode>
								</LookAt>
							</gx:FlyTo>
							<gx:Wait><gx:duration>2</gx:duration>
</gx:Wait>
							<gx:FlyTo>
								<gx:duration>4</gx:duration>
								<gx:flyToMode>smooth</gx:flyToMode>
								<LookAt>
									<longitude>12.45576850829061</longitude>
									<latitude>41.90259432723413</latitude>
									<altitude>0</altitude>
									<heading>-45.63719485912762</heading>
									<tilt>67.45254428277359</tilt>
									<range>440.4364927688193</range>
									<altitudeMode>relativeToGround</altitudeMode>
								</LookAt>
							</gx:FlyTo>
							<gx:FlyTo>
								<gx:duration>5</gx:duration>
								<gx:flyToMode>smooth</gx:flyToMode>
								<LookAt>
									<longitude>12.45521415868397</longitude>
									<latitude>41.90223391472421</latitude>
									<altitude>0</altitude>
									<heading>62.2555896882265</heading>
									<tilt>56.44844484217481</tilt>
									<range>660</range>
									<altitudeMode>relativeToGround</altitudeMode>
								</LookAt>
							</gx:FlyTo>
							<gx:FlyTo>
								<gx:duration>5</gx:duration>
								<gx:flyToMode>smooth</gx:flyToMode>
								<LookAt>
									<longitude>12.45542893820797</longitude>
									<latitude>41.90247136879627</latitude>
									<altitude>0</altitude>
									<heading>143.1756044668531</heading>
									<tilt>54.3757116252694</tilt>
									<range>630.2289324677029</range>
									<altitudeMode>relativeToGround</altitudeMode>
								</LookAt>
							</gx:FlyTo>
							<gx:FlyTo>
								<gx:duration>4</gx:duration>
								<gx:flyToMode>smooth</gx:flyToMode>
								<LookAt>
									<longitude>12.45514725466031</longitude>
									<latitude>41.90208944848824</latitude>
									<altitude>0</altitude>
									<heading>-126.2904640924972</heading>
									<tilt>62.98553010498054</tilt>
									<range>973.0823093362777</range>
									<altitudeMode>relativeToGround</altitudeMode>
								</LookAt>
							</gx:FlyTo>
							<gx:Wait><gx:duration>0.6</gx:duration>
</gx:Wait>
							<gx:TourControl>
							</gx:TourControl>
							<gx:FlyTo>
								<gx:duration>9</gx:duration>
								<LookAt>
									<longitude>-0.120788371613878</longitude>
									<latitude>51.50501055442484</latitude>
									<altitude>0</altitude>
									<heading>-26.35029775803154</heading>
									<tilt>73.05226006937514</tilt>
									<range>454.4339921427415</range>
									<altitudeMode>relativeToGround</altitudeMode>
								</LookAt>
							</gx:FlyTo>
							<gx:Wait><gx:duration>4</gx:duration>
</gx:Wait>
							<gx:FlyTo>
								<gx:duration>3</gx:duration>
								<gx:flyToMode>smooth</gx:flyToMode>
								<LookAt>
									<longitude>-0.1218913821474976</longitude>
									<latitude>51.50305583632267</latitude>
									<altitude>0</altitude>
									<heading>-104.133103977011</heading>
									<tilt>62.33871582343829</tilt>
									<range>464.9005677104844</range>
									<altitudeMode>relativeToGround</altitudeMode>
								</LookAt>
							</gx:FlyTo>
							<gx:FlyTo>
								<gx:duration>3</gx:duration>
								<gx:flyToMode>smooth</gx:flyToMode>
								<LookAt>
									<longitude>-0.1210052471346601</longitude>
									<latitude>51.50193262427588</latitude>
									<altitude>0</altitude>
									<heading>-148.4647519019507</heading>
									<tilt>62.49820488326289</tilt>
									<range>467.9437060050972</range>
									<altitudeMode>relativeToGround</altitudeMode>
								</LookAt>
							</gx:FlyTo>
							<gx:Wait><gx:duration>0.6</gx:duration>
</gx:Wait>
							<gx:TourControl>
							</gx:TourControl>
							<gx:FlyTo>
								<gx:duration>10</gx:duration>
								<LookAt>
									<longitude>-49.94775814514536</longitude>
									<latitude>41.72923316238139</latitude>
									<altitude>0</altitude>
									<heading>-22.16745101595302</heading>
									<tilt>58.51118653734172</tilt>
									<range>15751.03428612136</range>
									<altitudeMode>relativeToGround</altitudeMode>
								</LookAt>
							</gx:FlyTo>
							<gx:Wait><gx:duration>3</gx:duration>
</gx:Wait>
							<gx:FlyTo>
								<gx:duration>3</gx:duration>
								<gx:flyToMode>smooth</gx:flyToMode>
								<LookAt>
									<longitude>-49.95064833173971</longitude>
									<latitude>41.73675356498745</latitude>
									<altitude>0</altitude>
									<heading>-22.0614952772804</heading>
									<tilt>58.41962787655594</tilt>
									<range>3785.050923503806</range>
									<gx:altitudeMode>relativeToSeaFloor</gx:altitudeMode>
								</LookAt>
							</gx:FlyTo>
							<gx:FlyTo>
								<gx:duration>3</gx:duration>
								<gx:flyToMode>smooth</gx:flyToMode>
								<LookAt>
									<longitude>-49.94963603456613</longitude>
									<latitude>41.73044100800762</latitude>
									<altitude>0</altitude>
									<heading>-21.98561736233518</heading>
									<tilt>59.14449309551124</tilt>
									<range>1298.527712044066</range>
									<gx:altitudeMode>relativeToSeaFloor</gx:altitudeMode>
								</LookAt>
							</gx:FlyTo>
							<gx:FlyTo>
								<gx:duration>3</gx:duration>
								<gx:flyToMode>smooth</gx:flyToMode>
								<LookAt>
									<longitude>-49.9476723120594</longitude>
									<latitude>41.73049451623312</latitude>
									<altitude>0</altitude>
									<heading>39.17295296812819</heading>
									<tilt>67.43152193490242</tilt>
									<range>877.6242516424816</range>
									<gx:altitudeMode>relativeToSeaFloor</gx:altitudeMode>
								</LookAt>
							</gx:FlyTo>
							<gx:FlyTo>
								<gx:duration>3</gx:duration>
								<gx:flyToMode>smooth</gx:flyToMode>
								<LookAt>
									<longitude>-49.94932550499109</longitude>
									<latitude>41.73351808554008</latitude>
									<altitude>0</altitude>
									<heading>62.89000376535781</heading>
									<tilt>76.83720128724194</tilt>
									<range>184.8131750740089</range>
									<gx:altitudeMode>relativeToSeaFloor</gx:altitudeMode>
								</LookAt>
							</gx:FlyTo>
							<gx:FlyTo>
								<gx:duration>3</gx:duration>
								<gx:flyToMode>smooth</gx:flyToMode>
								<LookAt>
									<longitude>-49.94863305687194</longitude>
									<latitude>41.7346904804198</latitude>
									<altitude>0</altitude>
									<heading>162.2375295003862</heading>
									<tilt>70.14149365018284</tilt>
									<range>231.5863465484218</range>
									<gx:altitudeMode>relativeToSeaFloor</gx:altitudeMode>
								</LookAt>
							</gx:FlyTo>
							<gx:Wait><gx:duration>0.6</gx:duration>
</gx:Wait>
							<gx:TourControl>
							</gx:TourControl>
							<gx:FlyTo>
								<gx:duration>14</gx:duration>
								<LookAt>
									<longitude>116.3908088768237</longitude>
									<latitude>39.91379916102216</latitude>
									<altitude>0</altitude>
									<heading>-1.138855209962087</heading>
									<tilt>63.78082439241467</tilt>
									<range>804.0076519351231</range>
									<altitudeMode>relativeToGround</altitudeMode>
								</LookAt>
							</gx:FlyTo>
							<gx:Wait><gx:duration>4</gx:duration>
</gx:Wait>
							<gx:FlyTo>
								<gx:duration>4</gx:duration>
								<gx:flyToMode>smooth</gx:flyToMode>
								<LookAt>
									<longitude>116.3902022277641</longitude>
									<latitude>39.91548590997697</latitude>
									<altitude>0</altitude>
									<heading>36.54261588920597</heading>
									<tilt>53.23349045734695</tilt>
									<range>1284.830404072757</range>
									<altitudeMode>relativeToGround</altitudeMode>
								</LookAt>
							</gx:FlyTo>
							<gx:FlyTo>
								<gx:duration>5</gx:duration>
								<gx:flyToMode>smooth</gx:flyToMode>
								<LookAt>
									<longitude>116.3894381947359</longitude>
									<latitude>39.91647028464102</latitude>
									<altitude>0</altitude>
									<heading>109.9844905127141</heading>
									<tilt>77.81184480203503</tilt>
									<range>434.044223900926</range>
									<altitudeMode>relativeToGround</altitudeMode>
								</LookAt>
							</gx:FlyTo>
							<gx:Wait><gx:duration>0.6</gx:duration>
</gx:Wait>
							<gx:TourControl>
							</gx:TourControl>
							<gx:FlyTo>
								<gx:duration>13</gx:duration>
								<LookAt>
									<longitude>138.7818265722904</longitude>
									<latitude>35.34063009043844</latitude>
									<altitude>0</altitude>
									<heading>-62.46343745766319</heading>
									<tilt>67.6064862659656</tilt>
									<range>7131.323646428426</range>
									<altitudeMode>relativeToGround</altitudeMode>
								</LookAt>
							</gx:FlyTo>
							<gx:Wait><gx:duration>2</gx:duration>
</gx:Wait>
							<gx:FlyTo>
								<gx:duration>5</gx:duration>
								<gx:flyToMode>smooth</gx:flyToMode>
								<LookAt>
									<longitude>138.732831233965</longitude>
									<latitude>35.34631761100981</latitude>
									<altitude>0</altitude>
									<heading>8.54680114884243</heading>
									<tilt>63.6005664023261</tilt>
									<range>4599.456156339281</range>
									<altitudeMode>relativeToGround</altitudeMode>
								</LookAt>
							</gx:FlyTo>
							<gx:FlyTo>
								<gx:duration>5</gx:duration>
								<gx:flyToMode>smooth</gx:flyToMode>
								<LookAt>
									<longitude>138.7117696613163</longitude>
									<latitude>35.35924486897797</latitude>
									<altitude>0</altitude>
									<heading>77.97081549606358</heading>
									<tilt>65.19409798035845</tilt>
									<range>8748.160445429821</range>
									<altitudeMode>relativeToGround</altitudeMode>
								</LookAt>
							</gx:FlyTo>
							<gx:Wait><gx:duration>0.6</gx:duration>
</gx:Wait>
							<gx:TourControl>
							</gx:TourControl>
							<gx:FlyTo>
								<gx:duration>8</gx:duration>
								<LookAt>
									<longitude>-122.0820910773159</longitude>
									<latitude>37.41931975444069</latitude>
									<altitude>0</altitude>
									<heading>-25.52915008078697</heading>
									<tilt>60.16567815354701</tilt>
									<range>421.7487119859438</range>
									<altitudeMode>relativeToGround</altitudeMode>
								</LookAt>
							</gx:FlyTo>
							<gx:Wait><gx:duration>3</gx:duration>
</gx:Wait>
							<gx:FlyTo>
								<gx:duration>3</gx:duration>
								<gx:flyToMode>smooth</gx:flyToMode>
								<LookAt>
									<longitude>-122.0828356355515</longitude>
									<latitude>37.41970831813314</latitude>
									<altitude>0</altitude>
									<heading>-48.22990007554524</heading>
									<tilt>77.38490900520242</tilt>
									<range>281.1183154577782</range>
									<altitudeMode>relativeToGround</altitudeMode>
								</LookAt>
							</gx:FlyTo>
							<gx:FlyTo>
								<gx:duration>3</gx:duration>
								<gx:flyToMode>smooth</gx:flyToMode>
								<LookAt>
									<longitude>-122.0837867591564</longitude>
									<latitude>37.42075190046511</latitude>
									<altitude>0</altitude>
									<heading>-48.20230753378853</heading>
									<tilt>77.38416695218248</tilt>
									<range>196.354133688462</range>
									<altitudeMode>relativeToGround</altitudeMode>
								</LookAt>
							</gx:FlyTo>
							<gx:FlyTo>
								<gx:duration>4</gx:duration>
								<gx:flyToMode>smooth</gx:flyToMode>
								<LookAt>
									<longitude>-122.0845501159868</longitude>
									<latitude>37.4218699663417</latitude>
									<altitude>0</altitude>
									<heading>-69.56777763392701</heading>
									<tilt>70.05009898715139</tilt>
									<range>179.6078491941072</range>
									<altitudeMode>relativeToGround</altitudeMode>
								</LookAt>
							</gx:FlyTo>
							<gx:FlyTo>
								<gx:duration>4</gx:duration>
								<gx:flyToMode>smooth</gx:flyToMode>
								<LookAt>
									<longitude>-122.0865370283483</longitude>
									<latitude>37.42216403229413</latitude>
									<altitude>0</altitude>
									<heading>-76.24554149800839</heading>
									<tilt>66.0643204358401</tilt>
									<range>186.138599501638</range>
									<altitudeMode>relativeToGround</altitudeMode>
								</LookAt>
							</gx:FlyTo>
							<gx:FlyTo>
								<gx:duration>4</gx:duration>
								<gx:flyToMode>smooth</gx:flyToMode>
								<LookAt>
									<longitude>-122.0855609773483</longitude>
									<latitude>37.42182792652437</latitude>
									<altitude>0</altitude>
									<heading>136.7389026227908</heading>
									<tilt>53.07129205583576</tilt>
									<range>205.5505645659833</range>
									<altitudeMode>relativeToGround</altitudeMode>
								</LookAt>
							</gx:FlyTo>
							<gx:FlyTo>
								<gx:duration>4</gx:duration>
								<gx:flyToMode>smooth</gx:flyToMode>
								<LookAt>
									<longitude>-122.0857031347691</longitude>
									<latitude>37.42169546784739</latitude>
									<altitude>0</altitude>
									<heading>51.91673446403121</heading>
									<tilt>50.75900171716816</tilt>
									<range>232.187882698068</range>
									<altitudeMode>relativeToGround</altitudeMode>
								</LookAt>
							</gx:FlyTo>
							<gx:Wait><gx:duration>0.6</gx:duration>
</gx:Wait>
							<gx:TourControl>
							</gx:TourControl>
						</gx:Playlist>
					</gx:Tour>
					<Placemark id="eiffel">
						<name>A Torre Eiffel</name>
						<description>Localizada em Paris, França</description>
						<LookAt>
							<longitude>2.295967680887427</longitude>
							<latitude>48.85780097266282</latitude>
							<altitude>0</altitude>
							<heading>-42.91158279440752</heading>
							<tilt>58.51308219868477</tilt>
							<range>798.4686453648802</range>
							<altitudeMode>relativeToGround</altitudeMode>
						</LookAt>
						<styleUrl>#sn_noicon1</styleUrl>
						<Point>
							<coordinates>2.295967680887427,48.85780097266282,0</coordinates>
						</Point>
					</Placemark>
					<Placemark id="christ">
						<name>Cristo Redentor</name>
						<description>Localizado no Rio de Janeiro, Brasil</description>
						<LookAt>
							<longitude>-43.20953574843956</longitude>
							<latitude>-22.950407157676</latitude>
							<altitude>0</altitude>
							<heading>-134.4620862063529</heading>
							<tilt>58.47824597790541</tilt>
							<range>518.7551361289096</range>
							<altitudeMode>relativeToGround</altitudeMode>
						</LookAt>
						<styleUrl>#sn_noicon1</styleUrl>
						<Point>
							<coordinates>-43.20953574843956,-22.95040715767599,0</coordinates>
						</Point>
					</Placemark>
					<Placemark id="canyon">
						<name>O Grand Canyon</name>
						<description>Localizado no estado de Arizona, EUA</description>
						<LookAt>
							<longitude>-111.839335188889</longitude>
							<latitude>36.14936973429993</latitude>
							<altitude>0</altitude>
							<heading>-102.4264123877612</heading>
							<tilt>60.36812941371167</tilt>
							<range>17029.89256740801</range>
							<altitudeMode>relativeToGround</altitudeMode>
						</LookAt>
						<styleUrl>#sn_noicon1</styleUrl>
						<Point>
							<coordinates>-111.839335188889,36.14936973429993,0</coordinates>
						</Point>
					</Placemark>
					<Placemark id="sydney">
						<name>Sydney</name>
						<description>New South Wales, Austrália</description>
						<LookAt>
							<longitude>151.2122001847845</longitude>
							<latitude>-33.85543600090152</latitude>
							<altitude>0</altitude>
							<heading>-136.7378847758026</heading>
							<tilt>68.87493344592141</tilt>
							<range>1332.179816629172</range>
							<altitudeMode>relativeToGround</altitudeMode>
						</LookAt>
						<styleUrl>#sn_noicon1</styleUrl>
						<Point>
							<coordinates>151.2122001847845,-33.85543600090152,0</coordinates>
						</Point>
					</Placemark>
					<Placemark id="peters">
						<name>Basilica de São Pedro</name>
						<description>Localizada na Cidade do Vaticano</description>
						<LookAt>
							<longitude>12.45863229278517</longitude>
							<latitude>41.90238356414683</latitude>
							<altitude>0</altitude>
							<heading>-88.09821473983064</heading>
							<tilt>72.55531058146758</tilt>
							<range>545.5229608700497</range>
							<altitudeMode>relativeToGround</altitudeMode>
						</LookAt>
						<styleUrl>#sn_noicon1</styleUrl>
						<Point>
							<coordinates>12.45863229278517,41.90238356414683,0</coordinates>
						</Point>
					</Placemark>
					<Placemark id="london">
						<name>O London Eye</name>
						<description>Localizado em Londres, Inglaterra</description>
						<LookAt>
							<longitude>-0.1208037863755851</longitude>
							<latitude>51.50295856070689</latitude>
							<altitude>0</altitude>
							<heading>-119.6219029975624</heading>
							<tilt>54.36628262074456</tilt>
							<range>667.3903819080039</range>
							<altitudeMode>relativeToGround</altitudeMode>
						</LookAt>
						<styleUrl>#sn_noicon1</styleUrl>
						<Point>
							<coordinates>-0.1208037863755851,51.50295856070689,0</coordinates>
						</Point>
					</Placemark>
					<Placemark id="titanic">
						<name>O Titanic</name>
						<description>Localizado no Oceano Atlântico Norte</description>
						<LookAt>
							<longitude>-49.94881009327763</longitude>
							<latitude>41.72834170105288</latitude>
							<altitude>0</altitude>
							<heading>46.46743078657357</heading>
							<tilt>59.42261846268553</tilt>
							<range>858.0285123602595</range>
							<gx:altitudeMode>relativeToSeaFloor</gx:altitudeMode>
						</LookAt>
						<styleUrl>#sn_noicon1</styleUrl>
						<Point>
							<coordinates>-49.94881009327763,41.72834170105288,0</coordinates>
						</Point>
					</Placemark>
					<Placemark id="forbidden">
						<name>A Cidade Proibida</name>
						<description>Localizada em Pequim, China</description>
						<LookAt>
							<longitude>116.3908088768237</longitude>
							<latitude>39.91379916102216</latitude>
							<altitude>0</altitude>
							<heading>-1.138855209962087</heading>
							<tilt>63.78082439241467</tilt>
							<range>804.0076519351231</range>
							<altitudeMode>relativeToGround</altitudeMode>
						</LookAt>
						<styleUrl>#sn_noicon1</styleUrl>
						<Point>
							<coordinates>116.3908088768236,39.91379916102216,0</coordinates>
						</Point>
					</Placemark>
					<Placemark id="fuji">
						<name>Monte Fuji</name>
						<description>Localizado nas proximidades de Tóquio, Japão</description>
						<LookAt>
							<longitude>138.7818265722904</longitude>
							<latitude>35.34063009043844</latitude>
							<altitude>0</altitude>
							<heading>-62.46343745766319</heading>
							<tilt>67.6064862659656</tilt>
							<range>7131.323646428426</range>
							<altitudeMode>relativeToGround</altitudeMode>
						</LookAt>
						<styleUrl>#sn_noicon1</styleUrl>
						<Point>
							<coordinates>138.7818265722904,35.34063009043844,0</coordinates>
						</Point>
					</Placemark>
					<Placemark id="google">
						<name>Sede do Google</name>
						<description>Localizada em Mountain View, na Califórnia</description>
						<LookAt>
							<longitude>-122.0857031353512</longitude>
							<latitude>37.42169546752972</latitude>
							<altitude>0</altitude>
							<heading>51.91673446364886</heading>
							<tilt>50.75900171660835</tilt>
							<range>232.1878066927673</range>
							<altitudeMode>relativeToGround</altitudeMode>
						</LookAt>
						<styleUrl>#sn_noicon1</styleUrl>
						<Point>
							<coordinates>-122.0857031353512,37.42169546752972,0</coordinates>
						</Point>
					</Placemark>
				</Folder>
			</Document>
		</Folder>
	</Document>
	<atom:link rel="app" href="https://www.google.com/earth/about/versions/#earth-pro" title="Google Earth Pro 7.3.6.10441"></atom:link>
</Folder>
</kml>
